ID,電影名(中),電影名(英),分級,上映日,導演,演員,類型,片長,劇情介紹,電影連結,海報連結,預告連結
1,小丑：雙重瘋狂,JOKER FOLIE A DEUX,"""輔""",2024-10-02,陶德菲利普斯,瓦昆菲尼克斯、女神卡卡,犯罪、劇情、音樂/歌舞,2時18分,"由導演陶德菲利普斯執導，瓦昆菲尼克斯、女神卡卡擔綱主演，分別飾演亞瑟佛萊克／小丑、哈莉奎茵他不再是獨自一人亞瑟入獄後遇見哈莉奎茵，他不再是獨自一人，哈莉奎茵也比出開槍手勢，認識後甚至展開共舞，並且畫上笑臉。
●《小丑：雙重瘋狂》",https://www.vscinemas.com.tw/vsweb/film/detail.aspx?id=7242,https://www.vscinemas.com.tw/vsweb/upload/film/film_20240916007.jpg,https://www.youtube.com/embed/BD6Uf4qHEmk
2,台北追緝令,WEEKEND IN TAIPEI,"""輔""",2024-09-25,盧貝松,路克伊凡斯、姜成鎬、桂綸鎂,動作、劇情,1時41分,"《露西》盧貝松為本片編劇暨監製，台灣出身的導演黃嘉智執導，首部全片在台灣拍攝的好萊塢動作電影，《玩命關頭》路克伊凡斯與「韓哥」姜成鎬，以及「金馬影后」桂綸鎂主演。
美國緝毒局探員約翰（路克伊凡斯飾演），不僅是超強工作狂，更會犧牲一切、不擇手段，只為順利完成案件。
不巧，在命運的捉弄下，他與思維敏捷又難以追捕的頂級「車手」喬伊（桂綸鎂飾演）墜入愛河，最後卻捲入犯罪陰謀當中，迫使兩人分開。
沒想到15年過去，約翰為了緝捕販毒集團首腦關（姜成鎬飾演）來到台北，原本預計停留一個週末的時間，但彷彿命運再度出手攪和，讓他與喬伊奇蹟般地重逢。
不過威脅也伴隨而來，讓兩人不得不攜手迎戰！片中充滿熟悉的台灣街景，更直擊姜成鎬化身反派，與路克伊凡斯刺激打鬥，更驚見桂綸鎂逆轉形象挑戰街頭飛車戲碼，以及李沛旭展露驚人壯肌手持雙槍掃射等精彩畫面。
-采昌國際",https://www.vscinemas.com.tw/vsweb/film/detail.aspx?id=7413,https://www.vscinemas.com.tw/vsweb/upload/film/film_20240806001.jpg,https://www.youtube.com/embed/MOGQ4tX2Ssc?si
3,再見，福寶,MY DEAREST FU BAO,"""普""",2024-10-04,沈炯俊、湯瑪斯高,福寶、愛寶、樂寶、輝寶、睿寶、姜哲遠、宋永寬、吳勝熙、李世賢,,1時34分,"福寶離開韓國的日子已確定了，福寶身邊的人無不感到惋惜。
終於迎來離別的瞬間，為了福寶的幸福而努力保持平常心的飼養員「姜寶」姜哲遠和「宋寶」宋永寬，內心也開始動搖……從得知離別之日將到來的每分每秒都真心感到依依不捨的他們，1354個日子以來，未曾揭曉的故事！你好，還有再見……-車庫娛樂",https://www.vscinemas.com.tw/vsweb/film/detail.aspx?id=7482,https://www.vscinemas.com.tw/vsweb/upload/film/film_20240924001.jpg,https://www.youtube.com/embed/upbjQ3xGbzI?si
4,我的英雄學院劇場版：You're Next,MY HERO ACADEMIA YOURE NEXT,"""輔""",2024-09-20,岡村天齋,山下大輝、岡本信彥、佐倉綾音、梶裕貴、石川界人、三宅健太,動畫、奇幻/科幻、動作,1時50分,"在《我的英雄學院》作品中，大部分的人類都擁有名為「個性」的力量，但有力量之人卻不一定都屬於正義的一方。
只要邪惡出現的地方，必定會有英雄挺身而出拯救眾人。
一名天生沒有力量的少年「綠谷出久」從小就憧憬一位頂尖英雄，而他的夢想就是成為偉大的英雄，可是沒有力量的他能實現自己的夢想嗎？雖然困難重重，少年卻依舊不放棄，朝著自己的目標勇往前進。
作為《我的英雄學院》第四部劇場版作品，《我的英雄學院劇場版：You’reNext》將於8月2日在日本上映，台灣將於9月20日上映。
本次的全新原創故事是由原作者堀越耕平擔任總監修與角色原案。
-羚邦",https://www.vscinemas.com.tw/vsweb/film/detail.aspx?id=7436,https://www.vscinemas.com.tw/vsweb/upload/film/film_20240820003.jpg,https://www.youtube.com/embed/NsEKtPvov_Q?si
5,變形金剛：源起,TRANSFORMERS ONE,"""普""",2024-09-13,喬許庫利,(配音)克里斯漢斯沃、布萊恩泰瑞亨利、史嘉蕾喬韓森、基根麥可奇、史蒂夫布希密、勞倫斯費許朋、喬漢姆,動畫、冒險、動作,1時44分,"《黑寡婦》史嘉蕾喬韓森、《雷神索爾》克里斯漢斯沃、《捍衛戰士:獨行俠》喬漢姆、《超級瑪利歐兄弟電影版》基根麥可奇、《蜘蛛人:穿越新宇宙》布萊恩泰瑞亨利、《捍衛任務4》勞倫斯費許朋等人配音。
故事發生在賽博坦，博派和狂派變形金剛的家鄉。
講述《變形金剛》宇宙最經典的角色，奧利安派克斯及D-16，是如何從一對並肩作戰的好兄弟成為勢不兩立的死敵，柯博文與密卡登。
－",https://www.vscinemas.com.tw/vsweb/film/detail.aspx?id=7258,https://www.vscinemas.com.tw/vsweb/upload/film/film_20240730001.jpg,https://www.youtube.com/embed/KRYOSXVZMg0?si
6,TAEYONG： TY TRACK IN CINEMAS,TAEYONG TY TRACK IN CINEMAS,"""普""",2024-10-16,Yoon Dong Oh,TAEYONG,紀錄片、音樂/歌舞,1時36分,"透過大銀幕體驗NCT成員—泰容首場個人演唱會「TYTRACK」才華炸裂的舞台魅力！除了2D版本外，威秀影城更獨家推出4DX版本，帶領NCTzen在電影院體驗無可比擬的身歷其境觀影感受。
一同走進泰容動人的音樂世界，感受多元絕妙的音樂曲風和震撼人心的舞台演出！「TYTRACK」以電影形式透過一系列音樂和能量爆棚的舞台，展現泰容不拘一格的藝術眼光！步入舞台後，親眼見證泰容為這場不凡演唱會精心準備的歷程，和他一同踏上舞台，傾聽他最真摯的分享。
《TAEYONG:TYTRACKINCINEMAS》帶你進入音樂與歌手的世界，深度探索塑造他非凡人生的難忘旅程。
ExperiencetheunparalleledtalentofNCT'sTAEYONGinhisfirstsoloconcert'TYTRACK'onthebigscreen!DiveintothemesmerizingworldofTAEYONG,experiencinghisdiversemusicandcaptivatingperformances.'TYTRACK'presentsastunningarrayofmusicandvibrantstagesthatshowcaseTAEYONG'suniqueartisticvision,allpresentedonacinematicscale.WitnessthejourneybehindthescenesasTAEYONGpreparesforhisgroundbreakingconcert.Stepontothestagewithhim,andheartheheartfeltstorieshehaslongedtoshare.'TAEYONG:TYTRACKINCINEMAS'isadeepdiveintothemusic,theartist,andtheincrediblejourneythathasshapedhispath.",https://www.vscinemas.com.tw/vsweb/film/detail.aspx?id=7457,https://www.vscinemas.com.tw/vsweb/upload/film/film_20240909001.jpg,https://www.youtube.com/embed/2pi_wLl4kw4
7,JUNG KOOK：I AM STILL THE PARTY EDITION,JUNG KOOK I AM STILL THE PARTY EDITION,"""普""",2024-10-11,JUNSOO PARK ,JUNG KOOK,音樂/歌舞,1時52分,"「Party,party,yeah!」熱映電影《JUNGKOOK:IAMSTILL》重返大銀幕，邀你參加額外驚喜合唱派對！觀賞片中魅力四射的演唱會片段、訪談與幕後花絮，此版本更額外新增20分鐘的合唱影片，終極派對活動即將嗨翻電影院。
與ARMY一起在全球各地的戲院重溫田柾國的勁歌金曲，包括〈Seven(feat.Latto)〉、〈3D(feat.JackHarlow)〉和〈StandingNexttoYou〉等精彩曲目。
這是在大銀幕上觀賞《JUNGKOOK:IAMSTILL》的最後機會，快來一睹田柾國不可思議的成名之路，回顧他與全世界的ARMY一起締造的感性時刻。
“Party,party,yeah!”ThehitmovieJUNGKOOK:IAMSTILLreturnstocinemaswithabonussingalongparty!Experiencethemovie,featuringelectrifyingconcertperformances,interviews,andbehind-the-scenesfootage,alongwith20minutesofsingalongvideosfortheultimatepartyeventincinemas.JointogetherwithARMYtocelebrateJungKook'shitsongsinglobalcinemas,including""Seven(feat.Latto),""""3D(feat.JackHarlow)""and""StandingNexttoYou""amongothers.ThisisthefinalchancetoseeJUNGKOOK:IAMSTILLonthebigscreen,capturinghisremarkablerisetofameandheartfeltmomentswithARMYaroundtheworld.",https://www.vscinemas.com.tw/vsweb/film/detail.aspx?id=7429,https://www.vscinemas.com.tw/vsweb/upload/film/film_20241001007.jpg,https://www.youtube.com/embed/ZicTMmnGtek
8,劇團☆新感線「BASARAO」大千秋樂-現場直播,BASARAO FINALE Live Viewing,"""普""",2024-10-17, , , ,1時52分,"::威秀影城獨家零秒差直播::🚄劇團☆新感線「𝐁𝐀𝐒𝐀𝐑𝐀𝐎」大千秋樂◤大好評最終場◢公認為日本首屈一指的「劇團☆新感線」，曾經創下單劇公演兩月內動員10萬人入場觀看的傲人紀錄，其44週年公演最新作品「BASARAO」歷經福岡首演，東京巡演，最終移師大阪公演，並選定10/17進行大千秋樂場，作為完美謝幕之作！劇團☆新感線的作品除了豐富的動作場面、華麗的舞台設計、誇張的表演風格，亦滿載大量的詼諧元素。
經典劇目以涵蓋歷史、武士道、奇幻等題材聞名，同時加入搖滾樂及摩登音效設計，形成一種獨特的「劇場搖滾」風格，深受觀眾喜愛。
本劇雙男主「中村倫也」與「生田斗真」私交甚篤，雙方長年的合作默契與真實互動，融合於同台競演中，更讓海外內觀眾格外入迷！繼上個月大獲好評的東京場直播後，威秀影城再度獨家為新感線的劇迷同好們，獻上大阪大千樂場現場直播！敬請把握這難得的機會，與日本現場觀眾零秒差同步感動！─絢麗卡司─生田斗真│中村倫也│西野七瀬│粟根まこと│りょう│古田新太─劇情簡介─在幕府與天皇對立的動盪時代，前間諜「海里」（中村倫也飾）遇見了容貌非凡的「日向」（生田斗真飾）。
因其盛世美顏與權謀吸引追隨者，策劃推翻幕府。
兩人在「瘋狂櫻花」下結盟，展開一場權力鬥爭。
以美貌為武器，這個謀劃稱霸世界的男人「日向」是否能撼動天下…★★★★(售票情報)★★★★劇團☆新感線「BASARAO」大千秋樂-現場直播✨直播時間：10/17(四)上午10:45入場✨直播地點：台北信義威秀影城✨售票時間：10/09(三)中午12:00起，售完為止。
✨購票通路：直播影城現場│威秀影城官網│官方APP線上訂票系統✨票價：1000元🎁現場直播專屬特典即將公開，敬請期待！★★★★★★★★★★★★★★注意事項：●本直播為全日文原音，無中文字幕。
●全部劃位，售完為止。
●本活動不適用銀行優惠。
於「威秀影城官網/官方APP」購票者，每張票需加收NT$20手續費。
●現場購票者(每人限購4張)，請依現場規劃動線排隊。
●「威秀影城官方APP」免取票、手機進場，請於直播開演前15分鐘內用「原訂票手機」開啟APP系統與藍芽功能，方可驗票進場。
●愛心票、敬老票、團體電影優待券只限影城現場購票。
●持團券購票者需補價差至本節目票價。
●因使用光纖直播，音質和畫質會因網路狀況等因素，而受到一定程度的干擾。
敬請見諒。
●凡於「影城官方線上訂票系統」購買且已領取票券者，如因個人因素需退換票，請於開演前20分鐘，持未使用之票券與原購票之信用卡，親至票券上方顯示之「直播影城」辦理退換票(手續費恕不退還)。
如為影城自身因素或天候等影響無法照常直播需退票時，則參照一般電影票退換票辦法，影城將開放觀眾於7日內憑原票券至櫃台辦理，並將全額退款。
●演出時間將依據實際情況而異動。
若表演時間大幅超過預期，直播活動將可能提前結束，敬請理解。
●廳內嚴禁攝影、拍照、錄音，如經查獲，將刪除您的拍攝內容並要求離場。
期間任何器材損壞概不負責，同時為維護播映內容權益，影城將保留法律追訴權，謝謝您的合作。
",https://www.vscinemas.com.tw/vsweb/film/detail.aspx?id=7509,https://www.vscinemas.com.tw/vsweb/upload/film/film_20241008021.jpg, 
9,場總集篇 孤獨搖滾！RE：RE：,BOCCHI THE ROCK THE MOVIE.,"""普""",2024-10-11,齋藤圭一郎,(配音)青山吉能、鈴代紗弓、水野朔、長谷川育美,動畫、音樂/歌舞,1時15分,"人氣TV動畫《孤獨搖滾！》重新編輯，於戲院推出充滿迫力的大銀幕畫面及震撼音響效果的《劇場總集篇孤獨搖滾！》！「小孤獨」後藤一里與人說話時，開頭總會不自覺加個「啊」字，是個十分怕生的陰沉少女。
這樣的自己似乎也能靠玩樂團發光發熱，她抱著這般憧憬開始彈吉他，卻仍交不到朋友，每天獨自一人彈吉他6個小時，就這樣度過了國中時期。
一里彈奏吉他的技術日漸進步，以「吉他英雄」的名義在網路上傳影片，或妄想著自己在文化祭的活躍演出，等她回過神來，別說是找到樂團成員，她甚至沒交到半個朋友就成為了高中生……！只差一步就會成為家裡蹲的她，某天被「團結Band」的鼓手伊地知虹夏叫住，孤獨的日常生活也因此逐漸改變——-曼迪傳播",https://www.vscinemas.com.tw/vsweb/film/detail.aspx?id=7489,https://www.vscinemas.com.tw/vsweb/upload/film/film_20240925003.jpg,https://www.youtube.com/embed/WA4dKuLaRvQ?si
10,MANKAI STAGE 『A3!』 Four Seasons LIVE 2024 現場直播,MANKAI STAGE 『A3!』 Four Seasons LIVE 2024,"""普""",2024-11-03, , , ,1時15分,"𝐌𝐀𝐍𝐊𝐀𝐈𝐒𝐓𝐀𝐆𝐄『𝐀𝟑!』𝐅𝐨𝐮𝐫𝐒𝐞𝐚𝐬𝐨𝐧𝐬𝐋𝐈𝐕𝐄𝟐𝟎𝟐𝟒✦✦四季美男。
巔峰之作✦✦◠◡◠◡◠◡◠◡◠◡◠◡◠◡◠◡◠◡◠◡◠◡◠◡◠◡◠◡下載量超過800萬次的超人氣美男養成遊戲《A3!》，自2018年改編成舞台劇以來，持續橫掃各大媒體，不單侷限於舞台劇，更是突破次元壁，在日本境內及亞洲各城市急速綻放！本次將集結四季中的29位人氣成員輪番上陣，並透過重新洗牌後混合演出，此公演可說是自2022起開展的「AesteACT2!」系列顛峰之作！歡迎就近於北中南威秀影城，透過影廳大銀幕與日本零秒差同步參與這部海內外大注目的人氣舞台劇！★★★★(售票情報)★★★★MANKAISTAGE『A3!』FourSeasonsLIVE2024現場直播🎵直播時間：11/03(日)16:45入場🎵直播地點：-台北信義威秀影城-台中大魯閣新時代威秀影城-高雄大遠百威秀影城🎵售票時間：10/08(二)12:00起，售完為止。
🎵購票通路：直播影城現場│威秀影城官網│官方APP線上訂票系統🎵票價：1000元★★★★★★★★★★★★注意事項：●本直播為全日文原音，無中文字幕。
●全部劃位，售完為止。
●本活動不適用銀行優惠。
「威秀影城官網」與「威秀影城官方APP」線上訂票系統購票者，每張票需加收NT$20手續費。
●現場購票者(每人限購4張)，請依現場規劃動線排隊。
●「威秀影城官方APP」免取票、手機進場，請於直播開演前15分鐘內用「原訂票手機」開啟APP系統與藍芽功能，方可驗票進場。
●愛心票、敬老票、團體電影優待券只限影城現場購票。
●持團券購票者需補差價至本節目票價。
●現場衛星直播可能因天氣影響造成收訊品質下降，若因不可抗力因素中止直播，敬請見諒。
●凡於線上刷卡付費且已領取票券者，如因個人因素需退換票，請於開演前20分鐘，持未使用之電影票與原購票之信用卡，親至原購買影城辦理退換票，退換票恕不退還手續費。
如為影城自身因素或天候影響無法照常直播需退票時，則參照一般電影票退換票辦法，影城將開放觀眾於7日內可憑原票券至櫃台辦理，並將全額退款。
●演出時間將依據實際情況而異動。
若表演時間大幅超過預期，直播活動將可能提前結束，敬請理解。
●廳內嚴禁攝影、拍照、錄音，如經查獲，將刪除您的拍攝內容並要求離場。
期間任何器材損壞概不負責，同時為維護播映內容權益，影城將保留法律追訴權，謝謝您的合作。
",https://www.vscinemas.com.tw/vsweb/film/detail.aspx?id=7487,https://www.vscinemas.com.tw/vsweb/upload/film/film_20240925001.jpg, 
11,Sakura Miko 1st Live《flower fantasista》現場直播,Sakura Miko 1st Live《flower fantasista》Live Viewing,"""普""",2024-10-26, , , ,1時15分,":威秀影城獨家零秒差直播x𝐡𝐨𝐥𝐨𝐥𝐢𝐯𝐞::🎊🌸櫻巫女𝟏𝐬𝐭𝐒𝐨𝐥𝐨𝐋𝐢𝐯𝐞🌸🎊✧人氣首發✧-從零期生到突破②⓪⓪萬訂閱𝐒𝐚𝐤𝐮𝐫𝐚𝐌𝐢𝐤𝐨正式推出首次個人𝐋𝐢𝐯𝐞專場𝟑𝟓𝐏～😎約嗎？大銀幕看巨「櫻」！▞───────────售票情報─────────▞𝐒𝐚𝐤𝐮𝐫𝐚𝐌𝐢𝐤𝐨𝟏𝐬𝐭𝐋𝐢𝐯𝐞《𝐟𝐥𝐨𝐰𝐞𝐫𝐟𝐚𝐧𝐭𝐚𝐬𝐢𝐬𝐭𝐚》現場直播🎤直播時間：10/26(六)16:45入場🎤直播地點：‧台北信義威秀影城‧台北京站威秀影城‧台中大魯閣新時代威秀影城‧高雄大遠百威秀影城🎤全球同步啟售時間：09/30(一)17:00起，售完為止。
🎤購票通路：直播影城現場│威秀影城官網│官方APP線上訂票系統🎤票價：1,680元✈✈現場直播專屬特典：「(航空版)櫻巫女大禮包-紀念票卡+特製應援棒+限定卡貼(一組3張)」乙套，將於當日入場時發送！▞──────────────────────────▞[重要資訊│注意事項]●全部劃位，售完為止。
●威秀影城當日將同步拍攝活動紀錄，現場觀眾皆有可能入鏡，歡迎大家共襄盛舉！※現場直播專屬特典僅限直播當日入場時發送，逾期未領視同放棄。
-圖案均相同，除嚴重瑕疵不良品外，恕不接受更換，敬請理解。
●本活動為於日本東京ARIAKEARENA(有明體育館)所舉行的『SakuraMiko1stLive-flowerfantasista!-""』演唱會之現場直播。
●本直播為演唱會現場原音，無中文字幕。
●參與本活動的電影院名單之後可能會有所增加或變更。
●活動實際開始時間可能會因日本當日及現場情況而延遲。
●由於本活動為現場直播，音質和畫質會因網路狀況等因素，而受到一定程度的干擾，如因不可預期的情況導致影像或音訊干擾甚至中斷，敬請提前知悉與見諒。
●預期直播時間將根據當天演唱會實際情況有所變動，可能會早於或晚於預定時間結束。
若表演時間大幅超過預期，直播活動將可能提前結束，敬請理解。
●影廳內嚴禁攝影、拍照、錄音，如經查獲，將刪除您的拍攝內容並要求離場。
期間任何器材損壞概不負責，同時為維護播映內容權益，影城將保留法律追訴權，謝謝您的合作。
●官方因應活動紀錄需求，將於廳內進行拍攝，其照片和影片將用於HololiveProduction的內部資料使用，但用於新聞稿或宣傳素材使用時，現場觀眾會以馬賽克處理。
感謝您的事前理解。
●本活動不適用銀行優惠。
於「威秀影城官網/官方APP」購票者，每張票需加收NT$20手續費。
●現場購票者(每人限購4張)，請依現場規劃動線排隊。
●「威秀影城官方APP」免取票、手機進場，請於直播開演前15分鐘內用「原訂票手機」開啟APP系統與藍芽功能，方可驗票進場。
●愛心票、敬老票、團體電影優待券只限影城現場購票。
●持團券購票者需補價差至本節目票價。
●凡於「影城官方線上訂票系統」購買且已領取票券者，如因個人因素需退換票，請於開演前20分鐘，持未使用之票券與原購票之信用卡，親至票券上方顯示之「直播影城」辦理退換票(手續費恕不退還)。
如為影城自身因素或天候等影響無法照常直播需退票時，則參照一般電影票退換票辦法，影城將開放觀眾於7日內憑原票券至櫃台辦理，並將全額退款。
❍─────[威秀影城零秒差直播-應援須知]────❍★觀賞期間請勿阻擋走道或影廳動線，任何影響他人進出及場內安全之行為皆被禁止。
★歡迎使用官方手燈、週邊商品進行應援，如有自製應援品，其長寬高尺寸不可超出45公分；影響觀眾視線、安全及發出噪音之干擾器具皆禁止於場內使用。
★直播節目進行中，請勿喧嘩影響他人權益，亦請配合於活動過程中勿有劇烈俯仰晃動、場內奔跑等干擾鄰座之行為。
★若發現嚴重擾亂現場秩序之行為，請向影城工作人員反應，無法聽從工作人員指示者，將強制驅離影廳，亦不會退還任何票款。
敬請配合與理解。
",https://www.vscinemas.com.tw/vsweb/film/detail.aspx?id=7490,https://www.vscinemas.com.tw/vsweb/upload/film/film_20240925004.jpg, 
12,2024 DONGHAE B DAY PARTY 《Welcome To My Ocean》現場直播,2024 DONGHAE B DAY PARTY 《Welcome To My Ocean》LIVE VIEWING,"""普""",2024-10-13, , , ,1時15分,"::威秀影城零秒差直播::▞北中南歡慶加開▞𝟐𝟎𝟐𝟒𝐃𝐎𝐍𝐆𝐇𝐀𝐄🎂𝐁𝐃𝐀𝐘𝐏𝐀𝐑𝐓𝐘___《𝒲𝑒𝓁𝒸𝑜𝓂𝑒𝒯𝑜ℳ𝓎𝒪𝒸𝑒𝒶𝓃》🌊生日派對邀請函___𝐀𝐍𝐍𝐈𝐄&𝐄.𝐋.𝐅.每年10月，都想幫東海慶生～今年10月，約好了一起應援一起瘋！一起大聲唱：「오빠!생일축하해요」（歐巴，生日快樂！）已迫不及待進入你的世界💙▘──────────加開情報───────────▞𝟐𝟎𝟐𝟒𝐃𝐎𝐍𝐆𝐇𝐀𝐄𝐁𝐃𝐀𝐘𝐏𝐀𝐑𝐓𝐘《𝐖𝐞𝐥𝐜𝐨𝐦𝐞𝐓𝐨𝐌𝐲𝐎𝐜𝐞𝐚𝐧》現場直播♬直播時間：10/13(日)13:45入場♬直播地點：·MUVIECINEMAS·台北信義威秀影城（加廳）·台中大魯閣新時代威秀影城（新增）·高雄大遠百威秀影城（新增）♬售票日期：10/03(四)中午12:00起，售完為止。
♬購票通路：直播影城現場│威秀影城官網│官方APP線上訂票系統♬票價（不適用信用卡優惠）‧MUVIECINEMAS(TITANSCREEN)-1215元‧威秀影城-1015元✈✈現場直播專屬特典：韓國空運”專屬相片小卡”乙張～將於活動當日入場時發送！▘──────────────────────────▞[重要資訊│注意事項]●全部劃位，售完為止。
●威秀影城當日將同步拍攝活動紀錄，現場觀眾皆有可能入鏡，歡迎大家共襄盛舉！※現場直播專屬特典僅限直播當日入場時發送，逾期未領視同放棄。
-圖案均相同，除嚴重瑕疵不良品外，恕不接受更換，敬請理解。
●本直播為活動現場原音，無中文字幕。
●本活動不適用銀行優惠。
於「威秀影城官網/官方APP」購票者，每張票需加收NT$20手續費。
●現場購票者(每人限購4張)，請依現場規劃動線排隊。
●「威秀影城官方APP」免取票、手機進場，請於直播開演前15分鐘內用「原訂票手機」開啟APP系統與藍芽功能，方可驗票進場。
●愛心票、敬老票、團體電影優待券只限影城現場購票。
●持團券購票者需補價差至本節目票價。
●因使用光纖直播，音質和畫質會因網路狀況等因素，而受到一定程度的干擾。
敬請見諒。
●凡於「影城官方線上訂票系統」購買且已領取票券者，如因個人因素需退換票，請於開演前20分鐘，持未使用之票券與原購票之信用卡，親至票券上方顯示之「直播影城」辦理退換票(手續費恕不退還)。
如為影城自身因素或天候等影響無法照常直播需退票時，則參照一般電影票退換票辦法，影城將開放觀眾於7日內憑原票券至櫃台辦理，並將全額退款。
●演出時間將依據實際情況而異動。
若表演時間大幅超過預期，直播活動將可能提前結束，敬請理解。
●廳內嚴禁攝影、拍照、錄音，如經查獲，將刪除您的拍攝內容並要求離場。
期間任何器材損壞概不負責，同時為維護播映內容權益，影城將保留法律追訴權，謝謝您的合作。
❍─────[威秀影城零秒差直播-應援須知]────❍★觀賞期間請勿阻擋走道或影廳動線，任何影響他人進出及場內安全之行為皆被禁止。
★歡迎使用官方手燈、週邊商品進行應援，如有自製應援品，其長寬高尺寸不可超出45公分；影響觀眾視線、安全及發出噪音之干擾器具皆禁止於場內使用。
★直播節目進行中，請勿喧嘩影響他人權益，亦請配合於活動過程中勿有劇烈俯仰晃動、場內奔跑等干擾鄰座之行為。
★若發現嚴重擾亂現場秩序之行為，請向影城工作人員反應，無法聽從工作人員指示者，將強制驅離影廳，亦不會退還任何票款。
敬請配合與理解。
",https://www.vscinemas.com.tw/vsweb/film/detail.aspx?id=7486,https://www.vscinemas.com.tw/vsweb/upload/film/film_20240924030.jpg, 
13,寶塚歌劇　雪組東京寶塚劇場公演千秋樂「彩風咲奈（Sakina Ayakaze）LAST DAY」現場直播,Takarazuka Revue Snow Troupe Tokyo Takarazuka Theater Last Performance 'Sakina Ayakaze LAST DAY' Live Broadcast,"""普""",2024-10-13, , , ,1時15分,"::威秀影城獨家零秒差直播::寶塚雪組❄「𝓣𝓸𝓹𝓢𝓽𝓪𝓻彩風咲奈（SakinaAyakaze）LASTDAY」　──永恆經典‧時代演繹──✦✦✦✦✦✦✦✦✦✦✦2024年10月13日（日），於東京寶塚劇場（東京都）上演，由三井住友VISA卡冠名的寶塚浪漫巨作『凡爾賽玫瑰』─菲爾遜篇─，改編自池田理代子的原作「凡爾賽玫瑰」。
本次千秋樂演出，已確定於香港及台灣的電影院進行現場直播。
自1974年的首演以來，『凡爾賽玫瑰』已經吸引了超過500萬名觀眾，作為寶塚歌劇最經典的作品，創造了無數的傳奇舞台。
這部顛覆了少女漫畫的代表作品，跨越時代和國界，至今仍深受無數海內外觀眾喜愛。
以革命之火正旺的法國為舞台，描述兩對戀人之間不被允許的戀情。
為慶祝首演50周年，『凡爾賽玫瑰』─菲爾遜篇─將透過電影院的大銀幕同步呈現給大家。
本次千秋樂將會是寶塚歌劇團雪組TopStar「彩風咲奈」的告別演出。
除此之外，還將為大家完整呈現珍貴的告別秀及退團團員謝辭。
敬請把握這次難得的機會，一同送別「彩風咲奈」及其TOP生涯中的最後舞台！▘──────────劇情簡介───────────▞───『凡爾賽玫瑰』描繪了18世紀末法國波旁王朝的衰落，以及圍繞著瑪麗•安東妮王妃、瑞典貴族菲爾遜與女軍官奧斯卡之間的情感糾葛。
故事從一場巴黎的華麗舞會展開，菲爾遜對安東妮一見鍾情，兩人展開了不為人知的戀情，儘管國內政治日趨緊張、民怨沸騰。
奧斯卡忠於王妃，卻對菲爾遜的純潔所動。
隨著革命爆發，菲爾遜被迫回到瑞典，但仍心系安東妮，最終在革命爆發後試圖返回法國救出她。
該作展現了波旁王朝的滅亡及人物的命運交織的故事…▘──────────售票情報───────────▞寶塚歌劇　雪組東京寶塚劇場公演千秋樂「彩風咲奈（SakinaAyakaze）LASTDAY」現場直播❄直播時間：10/13(日)12:15入場❄直播地點：-台北京站威秀影城-林口M.O.P.威秀影城-台中大魯閣新時代威秀影城-高雄大遠百威秀影城❄售票時間：09/20(五)中午12:00起，售完為止。
❄購票通路：直播影城現場│威秀影城官網│官方APP線上訂票系統❄票價：1400元▘───────────────────────────▞注意事項：●全部劃位，售完為止。
●『凡爾賽玫瑰』─菲爾遜篇─以中文字幕呈現。
●本活動不適用銀行優惠。
於「威秀影城官網/官方APP」購票者，每張票需加收NT$20手續費。
●現場購票者(每人限購4張)，請依現場規劃動線排隊。
●「威秀影城官方APP」免取票、手機進場，請於直播開演前15分鐘內用「原訂票手機」開啟APP系統與藍芽功能，方可驗票進場。
●愛心票、敬老票、團體電影優待券只限影城現場購票。
●持團券購票者需補價差至本節目票價。
●因使用光纖直播，音質和畫質會因網路狀況等因素，而受到一定程度的干擾。
敬請見諒。
●凡於「影城官方線上訂票系統」購買且已領取票券者，如因個人因素需退換票，請於開演前20分鐘，持未使用之票券與原購票之信用卡，親至票券上方顯示之「直播影城」辦理退換票(手續費恕不退還)。
如為影城自身因素或天候等影響無法照常直播需退票時，則參照一般電影票退換票辦法，影城將開放觀眾於7日內憑原票券至櫃台辦理，並將全額退款。
●演出時間將依據實際情況而異動。
若表演時間大幅超過預期，直播活動將可能提前結束，敬請理解。
●廳內嚴禁攝影、拍照、錄音，如經查獲，將刪除您的拍攝內容並要求離場。
期間任何器材損壞概不負責，同時為維護播映內容權益，影城將保留法律追訴權，謝謝您的合作",https://www.vscinemas.com.tw/vsweb/film/detail.aspx?id=7467,https://www.vscinemas.com.tw/vsweb/upload/film/film_20240913001.jpg, 
14,流氓驅魔師,THE CHOSEN ONE,"""輔""",2024-09-20,林雪燕,宗子傑、郭書瑤、葛米星,奇幻/科幻、恐怖,1時44分,"連續離奇中邪事件，追查神秘詛咒真相…人稱「第一驅魔師」的李元傑（宗子杰飾），雖然天賦神力卻抗拒驅魔，不僅到處當神棍騙財，還喜歡在街頭與漂亮的阿嬌（郭書瑤飾）鬥嘴打鬧。
連續多起離奇中邪案件發生，不約而同都找上阿傑，但他始終逃避不願配合，直到某日朋友的孩子同遭被邪靈附體，與一名靈異網紅Sora（林汐飾）上門求助，阿傑被迫協助。
Sora在好奇心驅使下，在阿傑身邊試圖挖掘真相，才發現常在他身邊打轉的阿嬌就是關鍵線索，且這些恐怖中邪事件，原來互有關聯…《流氓驅魔師》將於2024年9月20日全台上映，更多資訊請上威視電影官方粉絲專頁https://www.facebook.com/VVPfans-威視電影",https://www.vscinemas.com.tw/vsweb/film/detail.aspx?id=7427,https://www.vscinemas.com.tw/vsweb/upload/film/film_20240827001.jpg,https://www.youtube.com/embed/vq69OKZGyho?si
15,角頭－大橋頭,GATAO LIKE FATHER LIKE SON,"""限""",2024-08-16,姜瑞智,蔡振南、龍天翔、喜翔、高捷、太保、夏靖庭、孫鵬、王識賢、王陽明、張懷秋、施名帥、鄭人碩、張再興、黃尚禾、吳震亞、唐振剛、李銘忠、陳萬號,動作、犯罪、劇情,2時11分,"Michael哥（王陽明飾）回來了，他「跟天借膽」，帶著瘋蠍子（張懷秋飾）想拿下頂莊、北城、北館，在貴董（高捷飾）、哈達（太保飾）、勇桑（蔡振南飾）的眼皮子底下賣藥，甚至想仗著自己幾分交情，拉攏勇桑的二把手清楓（孫鵬飾），沒想到被打得灰頭土臉，卻在這時，他看不上眼的土狗們阿猛（施名帥飾）、阿慶（鄭人碩飾）、宗保（張再興飾），竟然能闖入仁哥（王識賢飾）、憨春（陳萬號飾）的賭場，搶下巨款，還活著回來，讓他又驚又喜。
-威視電影",https://www.vscinemas.com.tw/vsweb/film/detail.aspx?id=7379,https://www.vscinemas.com.tw/vsweb/upload/film/film_20240806009.jpg,https://www.youtube.com/embed/0-WfRiSENzc?si
16,角落小夥伴電影版：奇幻的玩具工廠,SUMIKKOGURASHI THE PATCHED UP TOY FACTO,"""普""",2024-07-19,作田ハズム,(配音)本上真奈美,動畫,1時9分,"在角落世界裡，什麼事都可能發生…某日，住在北極的家人請企鵝(真正的)將兒時的絨毛玩偶帶給白熊，沒想到玩偶胸前的鈕扣卻不見了。
正當小夥伴們一同進入森林尋找時，卻意外發現一間老舊的玩具工廠。
受到工廠裡「棕熊廠長」的邀請，小夥伴們發揮專長試著生產玩具。
但他們萬萬沒想到，自己努力生產的玩具，卻為角落小鎮帶來超級大麻煩！？究竟這間工廠藏著什麼秘密？剛上工的小夥伴要如何面對這個挑戰？-威視電影",https://www.vscinemas.com.tw/vsweb/film/detail.aspx?id=7234,https://www.vscinemas.com.tw/vsweb/upload/film/film_20240530007.jpg,https://www.youtube.com/embed/xeic3RFWNI0
17,荒野機器人,THE WILD ROBOT,"""普""",2024-10-10,克里斯桑德斯,(配音)露琵塔尼詠歐、佩德羅帕斯卡、凱薩琳奧哈拉、比爾奈伊、基特康納、馬克漢米爾、麥特拜瑞、文雷姆斯,動畫、喜劇、冒險,1時42分,"這部史詩冒險動畫片描述一個機器人－簡稱“羅茲”的羅茲森7134號機器人－因為船難被困在一座無人荒島，它必須學會適應嚴苛的環境，慢慢和島上的動物建立關係，並且成為一隻失去父母的雛雁的養母。
【",https://www.vscinemas.com.tw/vsweb/film/detail.aspx?id=7184,https://www.vscinemas.com.tw/vsweb/upload/film/film_20240308003.jpg,https://www.youtube.com/embed/DU3lhpQVJtY
18,鬼袋人,BAGMAN,"""輔""",2024-10-10,科爾姆麥卡錫,山姆克萊弗林、安東妮雅湯瑪斯、法蘭琪柯芮、威廉候普,驚悚,1時33分,"傳說「鬼袋人」會誘拐無辜的孩子，並把他們塞進自己的袋子裡，這些孩子將永遠消失在人世間。
派翠克（山姆克萊弗林飾）兒時僥倖躲過「鬼袋人」的魔掌，卻讓他留下長年的心靈創傷。
現在，派翠克的兒時夢靨又回來了，並威脅到他妻兒的人身安全……。
-車庫娛樂",https://www.vscinemas.com.tw/vsweb/film/detail.aspx?id=7481,https://www.vscinemas.com.tw/vsweb/upload/film/film_20240930006.jpg,https://www.youtube.com/embed/8jAx65z56KE?si
19,逃出搶錢鎮,GREEDY PEOPLE,"""輔""",2024-10-10,波西彭西羅利,希姆許帕托、莉莉詹姆斯、喬瑟夫高登李維,犯罪、劇情,1時52分,"《荒野大決鬥》波西彭西羅利執導，《千萬別抬頭》希姆許帕托、《仙履奇緣》莉莉詹姆斯、《全面啟動》喬瑟夫高登李維主演，呈現一段貪婪與暴力交織的瘋狂故事。
希姆許帕托飾演的威爾是一名菜鳥警察，初來乍到便面臨職涯與家庭的雙重壓力。
喬瑟夫高登李維飾演威爾的搭檔泰瑞，個性吊兒郎當卻又相當浪漫。
兩人在面對突如其來的金錢誘惑時，做出了改變命運的決定。
莉莉詹姆斯則飾演威爾懷孕的妻子佩姬，她在這場貪婪風暴中同樣無法置身事外。
導演波西彭西羅利曾以2021年西部片《荒野大決鬥》（OldHenry）贏得國際影壇的關注。
該片在威尼斯電影節上大獲好評，並被前美國總統歐巴馬列為年度十佳電影之一。
彭西羅利以其獨特的敘事風格與視覺美學著稱，此次執導《逃出搶錢鎮》，將再次展現其駕馭多角色群像劇的深厚功力。
本片劇本由麥克弗卡迪諾維奇執筆，他曾為金凱瑞主演的《酸黃瓜先生的人生笑話》撰寫劇本，該劇入圍金球獎最佳喜劇類劇集。
《逃出搶錢鎮》融合了他一貫的幽默與尖銳批判，深入探討了人性在極端情境下的掙扎與選擇。
-龍祥電影",https://www.vscinemas.com.tw/vsweb/film/detail.aspx?id=7473,https://www.vscinemas.com.tw/vsweb/upload/film/film_20240918039.jpg,https://www.youtube.com/embed/O59UMX_m5zY?si
20,與夢前行 宮﨑駿：蒼鷺與少年創作全紀錄,HAYAO MIYAZAKI AND THE HERON,"""普""",2024-10-10,荒川格,-,紀錄片,2時1分,"每個人心中都有一部吉卜力動畫，每個吉卜力迷一生必看的宮﨑駿紀錄片《與夢前行宮﨑駿：蒼鷺與少年創作全紀錄》，即將首度登上台灣大銀幕！這部紀錄片記載日本傳奇動畫大師宮﨑駿投入動畫界61年的人生點滴，不僅貼身拍攝宮﨑駿創作奧斯卡最佳動畫片《蒼鷺與少年》長達7年的幕後製作秘辛，更讓觀影者深入了解宮﨑駿堅持一輩子的創作理念與獨到的人生哲學，透過穿插吉卜力經典動畫場景及對白做虛實交錯，引領人進入宮﨑駿作品中蘊含的人生智慧格言，所有吉卜力迷千萬不能錯過！日本NHK製作團隊透過長達7年獨家跟拍，滿滿兩小時揭露在吉卜力工作室發生的點點滴滴。
導演宮﨑駿強迫自己打開腦蓋，讓靈感從腦袋未知的渾沌中湧現出來，穿梭於現實與幻想的世界，進行一次又一次的異世界冒險。
而面臨多年來老戰友們一個個過世的噩耗，他又是如何看待人生？答案就在整部影片之中。
-甲上娛樂",https://www.vscinemas.com.tw/vsweb/film/detail.aspx?id=7474,https://www.vscinemas.com.tw/vsweb/upload/film/film_20240930005.jpg,https://www.youtube.com/embed/nXVVKY7e1a0?si
21,愛殺特攻隊,KILLING ROMANCE,"""輔""",2024-10-10,李元錫,李荷妮、李善均、孔明、裴侑藍、沈達琪、吳正世,喜劇,1時46分,"《尚衣院：衣縷情絲》李元錫執導，《外星+人》李荷妮、《寄生上流》李善均、《雞不可失》孔明主演，沒有浪漫，只有殺人作戰！因爛演技而淪為笑柄的大明星如來（李荷妮飾），逃離現實生活，在某個島嶼遇見救了自己一命的財閥喬納森（李善均飾），兩人結婚並展開全新的生活，如來也宣布引退。
而孤單的考生範宇（孔明飾）在得知自己最愛的明星如來搬到隔壁成為鄰居後，每天都開心地在頂樓享受粉絲見面會。
某天，如來厭倦了當喬納森擴展事業的傀儡，想回歸大銀幕的她向範宇求救。
為了找回如來的人生，他們一起謀劃了殺人計畫……-車庫娛樂",https://www.vscinemas.com.tw/vsweb/film/detail.aspx?id=7435,https://www.vscinemas.com.tw/vsweb/upload/film/film_20240930004.jpg,https://www.youtube.com/embed/tOLUNRvFxfA?si
22,小雁與吳愛麗,YEN AND AI - LEE,"""護""",2024-10-10,林書宇,夏于喬、楊貴媚、曾國城、黃奇斌,家庭、劇情,1時47分,"小雁與Allie，兩位長相一樣的女人。
小雁為了保護母親而過失弒父，被關八年之後，回到小鎮上與母親相依為命。
Allie則是在城市裡試圖用表演課面對自己。
當兩人的共同秘密被解開後，小雁是否能夠逆轉她與母親注定的悲劇命運？-牽猴子",https://www.vscinemas.com.tw/vsweb/film/detail.aspx?id=7463,https://www.vscinemas.com.tw/vsweb/upload/film/film_20240911001.jpg,https://www.youtube.com/embed/rnCyw07NIKQ?si
23,藍色時期,BLUE PERIOD,"""普""",2024-10-10,萩原健太郎,真榮田鄉敦、高橋文哉、板垣李光人、櫻田日和、藥師丸博子、江口德子,劇情,1時55分,"高中生矢口八虎是學校的風雲人物，頂著不良少年的外表，抽菸喝酒樣樣來，卻是校內會玩又會讀書的代表。
然而，看似生活多采多姿的他，內心卻空虛不已。
眾人羨慕的眼光、稱讚的言語始終無法讓他發自內心地快樂。
直到某天，他無意間在美術教室看到了一幅出自森學姊的畫作，竟深受感動。
同時，美術老師出了一項作業「我最喜歡的景色」，八虎在受到學姊畫作啟發後，選擇以不同的藍色層層暈染出唯有通宵玩樂後才能見到，清晨寧靜的澀谷街頭。
作品受到老師和同學們的肯定，讓八虎第一次真正感受到活著的喜悅。
在同學龍二的引領下，八虎決定縱身投入繪畫的世界，加入學校美術社，並報名以考取藝大為目標的補習班，展開一場藝術與自我的追逐之旅。
改編自日本漫畫家山口飛翔創作的漫畫作品，原作榮獲「漫畫大賞」第1名以及講談社漫畫賞一般部門大賞，累計發行量突破700萬冊，2021年改編為電視動畫，好評不斷。
2024年由電視動畫編劇吉田玲子操刀劇本，推出真人版電影，由【說再見前的30分鐘】導演萩原健太郎執導，集結新生代演員真榮田鄉敦、高橋文哉、板垣李光人、櫻田日和等人，將這個極富藝術性、哲學性的作品搬上大銀幕。
-天馬行空",https://www.vscinemas.com.tw/vsweb/film/detail.aspx?id=7492,https://www.vscinemas.com.tw/vsweb/upload/film/film_20240930007.jpg,https://www.youtube.com/embed/ESCZ8P8R1wU?si
24,念念眷村：文學裡的眷村故事,In Perpetual Nostalgia: Tales of the Military Dependents' Villages in Literature,"""普""",2024-10-10,黃玉珊、陳堯興,-,紀錄片,1時21分,"「眷村文學」既是專屬眷村人所有，也是臺灣獨特而珍貴的文學資產。
1949年從中國大陸移居臺灣各地的族群，大批國軍及其眷屬隨中央政權撤退來臺，這些陸續從中國大陸移居臺灣近60多萬的軍人及數目不詳的眷屬，造就後來的眷村文化。
本片使用影像記錄眷村文學作家心路歷程，包括被譽為「詩壇鐵三角」的洛夫、張默、瘂弦，三人創辦的《創世紀》詩刊，影響臺灣詩壇的走向逾一甲子。
更獨家呈現傑出小說家和散文家斯人斯事介紹，從司馬中原、朱西甯、齊邦媛、白先勇，到陳芳明、封德屏、袁瓊瓊、蘇偉貞、朱天心、梅家玲、張啟疆等，以採訪、實景、重現、新聞片段、照片、動畫、主題歌曲各種元素，書寫眷村生活的各個面向，重現眷村生活與記憶。
本片由知名資深紀錄片導演黃玉珊、陳堯興執導，以情感充沛的文學視度，重新回顧解讀外省族群七十多年以來，寄託於眷村生活之中的顛沛流離命運，呼喚觀眾回到文學的心靈家園，對土地與族群認同等敏感議題做出省思與回應。
-海鵬影業",https://www.vscinemas.com.tw/vsweb/film/detail.aspx?id=7501,https://www.vscinemas.com.tw/vsweb/upload/film/film_20241001021.jpg,https://www.youtube.com/embed/0bj7MEJFHPE?si
25,危機航線,HIGH FORCES,"""輔""",2024-10-09,彭順,劉德華、張子楓、屈楚蕭、劉濤、郭曉東,動作,2時0分,"《見鬼》系列彭順執導，《拆彈專家》劉德華、《瑯琊榜》劉濤、《唐人街探案》張子楓、《流浪地球》屈楚蕭主演，砸重金打造1:1空中三層豪華飛機A380實景。
「有人嗎?有...」一條來自高皓軍(劉德華飾)的神祕訊息從萬呎高空傳來國際安保專家高皓軍和失明的女兒小軍(張子楓飾)搭乘有「空中巨無霸」之稱的五星級超豪華客機A380的國際首航，途中遭遇暴徒劫機。
無差別射殺的恐怖手段，讓豪華機艙瞬間變成密閉煉獄，800多名乘客危在旦夕，高皓軍挺身而出，在數千米的高空上與一眾暴徒周旋，女兒卻受困於機艙中，劫匪頭目Mike(屈楚蕭飾)以全機800餘人的生命作為籌碼威脅，小軍的媽媽傅源(劉濤飾)也身陷危險之中，飛機能否平安降落，這場失控的危機該如何化解?-華映娛樂",https://www.vscinemas.com.tw/vsweb/film/detail.aspx?id=7438,https://www.vscinemas.com.tw/vsweb/upload/film/film_20241004001.jpg,https://www.youtube.com/embed/EXSVcbtt6kI?si
26,太陽王與人魚：新帝國,THE KINGS DAUGHTER,"""護""",2024-10-09,史恩麥納瑪拉,皮爾斯布洛斯南、卡雅斯考達里奥、威廉赫特、班傑明沃克、帕布羅薛伯、瑞秋葛瑞菲斯、范冰冰、茱麗安德魯絲,奇幻/科幻、劇情,1時38分,"法國國王路易十四只有一個低能兒的王子繼承他的王位。
對此憂心忡忡的他，意外得知美人魚的力量可以獲得永生，故派出海軍抓得一隻美人魚帶回凡爾賽宮軟禁。
另方面，路易十四與心愛情婦的私生女瑪麗被送入了皇宮，為了解決一筆戰爭欠款，他為她安排一場聯姻。
瑪麗意外和美人魚成為好友，更愛上看守美人魚的軍官伊夫斯，之後她更決定冒著生命危險打算解救美人魚，導致連串一發不可收拾的事態…-網銀國際",https://www.vscinemas.com.tw/vsweb/film/detail.aspx?id=7420,https://www.vscinemas.com.tw/vsweb/upload/film/film_20241001006.jpg,https://www.youtube.com/embed/rDw9roS4HXg?si
27,地獄怪客：歪曲人的詛咒,HELLBOY THE CROOKED MAN,"""輔""",2024-10-04,布萊恩泰勒,傑克凱西、傑佛遜懷特、莉亞麥克納馬拉,奇幻/科幻、恐怖、劇情,1時39分,"《快克殺手系列》布萊恩泰勒執導，改編自系列經典篇章《地獄怪客：歪曲人》，這也是「地獄怪客」第四度登上大銀幕，《死侍2》傑克凱西、《帝國浩劫：美國內戰》傑佛遜懷特、《暗夜鬼抓床》莉亞麥克納馬拉主演。
1950年代，地獄怪客（傑克凱西飾）與一名「超自然調查防禦署」（BPRD）的新進探員意外流落於一座阿帕拉契地區的村莊，這裡的居民飽受女巫肆虐所苦，女巫們的領導者是一個名為「歪曲人」的惡魔，而他似乎跟地獄怪客的過往有某些神秘的關聯……。
本片由布萊恩泰勒執導，他最廣為人知的作品是傑森史塔森主演的動作片《快克殺手》系列。
關於這次的全新《地獄怪客》電影，布萊恩泰勒表示，他從來沒有想要模仿前人的版本，也不認為這是一次重啟或新系列的開始，而是一部獨立存在的電影，「這次我們回歸年輕版本的地獄怪客，他實際上更像一位可以幫你解決怪物問題的水管工。
一個四處流浪、喜歡挖苦、深情款款又愛抽菸的傢伙，偶然發現超自然事件，並盡其所能地提供幫助。
」《地獄怪客：歪曲人的詛咒》裡的地獄怪客由參演過《死侍2》的美國男星傑克凱西（JackKesy）飾演，讓他成為繼朗帕爾曼（RonPerlman）和大衛哈伯（DavidHarbour）之後，大銀幕上的第三代地獄怪客。
傑克凱西表示，得到這次演出機會讓他非常興奮，「你很清楚這是千載難逢的機會。
你永遠都有機會扮演與自己相似的人。
但你什麼時候有機會全身穿戴特殊化妝，扮演一個代表性的角色？」不過，傑克凱西也坦言自己並不是漫畫迷，但《地獄怪客》的粉絲會很熱心地協助他，「我喜歡《地獄怪客》的粉絲。
我其實已經認識他們超過一年了。
我仍然會透過某些社群網站跟他們互傳訊息。
他們會傳給我一些小知識或小插圖，以及一些我可能忽略的小細節。
」-車庫娛樂",https://www.vscinemas.com.tw/vsweb/film/detail.aspx?id=7483,https://www.vscinemas.com.tw/vsweb/upload/film/film_20240924007.jpg,https://www.youtube.com/embed/4cFMJ6fX9hY?si
28,麵包超人電影版：細菌人與繪本的露露,ANPANMAN BAIKINMAN AND LULUN IN THE PICTURE BOOK,"""普""",2024-10-04,川越淳,(配音)汪世瑋、孫誠、吳佳樺、梁興昌、龍顯蕙、楊詩穎、喬資淯、林柏昱,動畫,1時4分,"某一天，細菌人發現了一本繪本。
他聽到繪本裡傳來聲音，呼喊「愛與勇氣的戰士，細菌人，快來幫我吧！！」然後就被吸進那本繪本裡面。
繪本裡面的世界有一大片森林妖精們居住的巨樹大森林，細菌人在那裡遇見了森林妖精——露露。
她想要打倒破壞森林的吸吸象，但是她個性膽小，鼓不起勇氣，只好拜託細菌人。
儘管細菌人一開始不情願，後來也全力以赴想打倒吸吸象。
露露看見細菌人努力的模樣，獲得了勇氣。
但是吸吸象太強了，讓細菌人和露露陷入大苦戰！陷入了無路可退的危機，細菌人告訴露露「快叫麵包超人過來！」……麵包超人、細菌人和露露最後能不能成功守護繪本世界呢？-曼迪傳播",https://www.vscinemas.com.tw/vsweb/film/detail.aspx?id=7488,https://www.vscinemas.com.tw/vsweb/upload/film/film_20240930003.jpg,https://www.youtube.com/embed/QYe5uyrU2LI?si
29,擅長捉弄人的高木同學 電影版 TEASING MASTER TAKAGI SAN,TEASING MASTER TAKAGI SAN,"""普""",2024-10-04,今泉力哉,永野芽郁、高橋文哉、齋藤潤、白鳥玉季,愛情、劇情,2時0分,"《擅長捉弄人的高木同學電影版》故事的舞台在某島上的一所中學。
男孩西片時常被坐在他旁邊的女孩高木捉弄，儘管他試圖想出各種計劃來報復她，但總是被看穿而失敗。
在一次次嘻笑打鬧，兩人度過百無聊賴，彼此無可取代的每一天，可是高木要搬家了……。
10年後，高木（永野芽郁飾）以實習老師的身份回到了島上！西片（高橋文哉飾）也作為一名體育老師為生活而努力著。
當兩人再次見面時，似乎內心裡悄然地牽起漣漪，停止「捉弄」的日子彷彿又開始移動。
他們的記憶仍然依舊，海面波光粼粼閃閃發亮，山上那風光明媚的風景還等著他們。
-捷傑電影",https://www.vscinemas.com.tw/vsweb/film/detail.aspx?id=7491,https://www.vscinemas.com.tw/vsweb/upload/film/film_20240930001.jpg,https://www.youtube.com/embed/aYW5nCO8MQg?si
30,當我的指尖觸碰到你的溫度時,THE TIME OF FEVER,"""護""",2024-10-04,楊慶熙,元太珉、燾宇,愛情,1時41分,"本片是2023年南韓人氣BL劇《非意圖的戀愛談》的衍生故事，將劇情聚焦在《非意圖的戀愛談》副CP「浩泰」與「東熙」，兩人在學生時代的原創愛情故事，也讓這對廣受劇迷愛戴的組合，透過本片正式成為主角。
浩泰（元太珉飾演）和東熙（燾宇飾演）從小如兄弟般一同長大，幾年前搬到首爾的浩泰，在父親的葬禮後重返江陵。
另一方面，東熙在出櫃後被逐出家門，獨自住在浩泰的空房當中。
也因為浩泰的回歸，讓多年不見的兩人重逢，並居住在同一個屋簷下，也讓東熙對初戀情人浩泰，那沉寂已久的心再度雀躍起來，並試圖壓抑自己的感情。
反觀浩泰也對許久未見的東熙，產生前所未有的情愫。
為了擺脫對東熙混亂的情感，浩泰試著隨便跟女生展開交往，而東熙也對浩泰如此輕率的態度感到受傷。
兩人脆弱的感情關係，因為一次意外事件而逐漸開始改變…。
改編自熱門網路漫畫的《非意圖的戀愛談》，原著曾榮獲「RidibooksBL漫畫大獎」等多個獎項，證明了本作的火紅人氣。
尤其單行本初版發行，不到一週時間就決定加印，甚至還看到粉絲「反覆多次閱讀」的留言，可見本作的核心粉絲層非常穩固。
而被翻拍成戲劇作品之後，更在「GOODDATACorporation」所調查的2023年4月第二週TV-OTT綜合電視劇話題性排名第二名，還在日本樂天TV開播首週的綜合排行榜勇奪冠軍，受到觀眾廣泛喜愛，可說是繼《語意錯誤》之後，又一南韓人氣話題BL劇。
《非意圖的戀愛談》人氣火爆的秘訣，就是從主CP到副CP，每個角色都展現出不同的魅力。
不論是溫暖的外貌，加上各自不同的個性、多樣化的敘事結構，甚至是現實生活中不可能存在的無缺點完美男，在在都滿足熱愛BL作品觀眾們的想像。
這也讓該劇粉絲表示，想觀賞更多副CP「浩泰」與「東熙」的故事。
這也讓本片應運而生，更集結原始演員元太珉、燾宇再續前緣繼續演出。
尤其這是原著中從未見過的原創故事，再透過《經常請吃飯的理事大人》、《想咬一口的嘴唇》導演楊慶熙，以及《非意圖的戀愛談》、《在你視線停留的地方》編劇申智安通力打造。
因為這是原創全新故事，對即使沒觀賞過《非意圖的戀愛談》的觀眾來說，都不會因為劇情連貫問題而產生看不懂的疑慮。
透過這對人氣BL作品編導的攜手合作，將以細膩又唯美的手法，刻畫出浩泰與東熙更多的愛情故事，展現更加感性的氛圍與餘韻，再配合《語意錯誤》攝影導演安謙書的絕美攝影，共同打造出這部超乎期待的作品。
-采昌國際",https://www.vscinemas.com.tw/vsweb/film/detail.aspx?id=7485,https://www.vscinemas.com.tw/vsweb/upload/film/film_20240924019.jpg,https://www.youtube.com/embed/if3h1Mrfr48?si
31,武替道,STUNTMAN,"""護""",2024-10-04,梁冠堯、梁冠舜,劉俊謙、伍允龍、蔡思韵,動作、劇情,1時54分,"《九龍城寨之圍城》劉俊謙、《追龍》伍允龍、《十月圍城》動作指導董瑋、《還錢》蔡思韵主演，影片詮釋了武打替身幕後血淚交織的生活和心路歷程。
動作指導李森(董瑋飾)息影多年，他曾因為拍攝危險動作場面引發意外，讓他退出影壇更妻離子散，但因昔日合作的導演想完成人生最後一部作品而重出江湖，偶然認識了充滿熱情卻苦無機會的動作演員李世龍(劉俊謙飾)，兩人一拍即合，想憑這部「最後之作」喚回觀眾的熱情，讓港產動作片更發光發熱。
李森更渴望重振名聲，好修補和女兒(蔡思韵飾)疏離的關係。
但李森重返片場發現今非昔比，更與曾經結怨、現已是動作巨星的梁志威(伍允龍飾)帶領的威家班狹路相逢。
兩人對於動作場面的拍攝看法分歧，李世龍夾在中間左右為難，此時，一件突發事故，也將師徒倆推向失控邊緣...-華映娛樂",https://www.vscinemas.com.tw/vsweb/film/detail.aspx?id=7470,https://www.vscinemas.com.tw/vsweb/upload/film/film_20240918001.jpg,https://www.youtube.com/embed/bh4M1ZgDFo8?si
32,飛鳥總動員,RICHARD THE STORK AND THE MYSTERY OF THE GREAT JEWEL,"""普""",2024-10-04,Mette Tange、Benjamin Quabeck,(配音)Ilka Teichmüller、Kevin Kraus、Marco Eßer、Volkmar Leif Gilbert、Giovanna Winterfeldt,動畫,1時24分,"由鸛家族收養的麻雀理查，與家人們一同生活在北非大湖旁過冬，理查以自豪的飛行技巧以為能獲選為帶領家族返回北方的領袖，然而在甄選時理查卻因觸犯了禁忌而失去了資格，不服氣的理查決定獨自往北飛，展開自己的旅程，卻在途中巧遇了薩密雅及她的麻雀夥伴。
然而這些生活在城鎮中的麻雀夥伴正面臨著大麻煩，邪惡的禿鸛與貪婪孔雀掌控著城市，逼得麻雀們必須為了珠寶每日奔波，而光靠小小麻雀的力量也難以逃到其他地方生存。
他們唯一重獲自由的機會，是找到傳說中的「至尊之寶」，為了解開找到祕寶的謎題，理查與麻雀們必須彼此合作、互相信任，最後他們是否能夠找到寶藏，重獲自由呢？-可樂電影",https://www.vscinemas.com.tw/vsweb/film/detail.aspx?id=7472,https://www.vscinemas.com.tw/vsweb/upload/film/film_20240918038.jpg,https://www.youtube.com/embed/k1fYp1KyTIY?si
33,布勒合唱團：直到盡頭,BLUR TO THE END,"""普""",2024-10-04,Toby L.,Blur、Damon Albarn、Graham Coxon、Alex James、Dave Rowntree、Pauline Black,紀錄片、音樂/歌舞,1時44分,"一部屬於大銀幕的紀錄片！《布勒合唱團：直到盡頭》捕捉了英搖天團Blur驚喜且動人的最新篇章，忠實紀錄樂團帶著睽違八年、廣受好評的冠軍專輯《戴倫之歌》（TheBalladofDarren）榮耀回歸的精彩歷程。
電影講述四位合作超過30年的團員，同時也是四個人生摯友：戴蒙、葛拉罕、艾力克斯、戴夫之間獨一無二的友誼。
他們於2023年初再度聚首錄製新專輯，並在七月的時候首次於倫敦知名溫布利球場舉辦場場完售的演唱會。
錄音室裡的點點滴滴、首首勁歌金曲的精彩演出紀實、團員們的人生況味、零距離重現的珍貴影像，《布勒合唱團：直到盡頭》是對這個英國流行音樂史上最歷久不衰的樂團一次貼近的凝視，更是讓全球樂迷親身參與屬於Blur的私密時光。
關於布勒從他們1991年宣布發行首張專輯《Leisure》開始，布勒合唱團用七張大賣的冠軍專輯，徹底改變了英國流行樂壇：《Parklife》（1994），《TheGreatEscape》（1995），同名專輯《Blur》（1997），《13》（1999），《ThinkTank》（2003），《TheMagicWhip》（2015）與《TheBalladofDarren》（2023），另外還有一連串打入排行榜前十的勁歌金曲，包括冠軍單曲〈CountryHouse〉與〈Beetlebum〉，都讓他們在英國以及世界各地大受歡迎。
身為英國最受歡迎的天團之一，布勒合唱團到目前總共發行了九張錄音室專輯，榮獲10座NME音樂獎、6座Q音樂獎、5座全英音樂獎，以及IvorNovello獎，也對數以萬計的全球樂迷展開巡迴演出。
2010年，布勒合唱團發行了獲葛萊美獎提名的紀錄片《搖滾旅程紀錄片/海德公園演唱會紀實》（NoDistanceLeftToRun），而1993年發行的首部紀錄片《星光閃耀成團全紀錄》（Starshaped）直至今日仍受粉絲津津樂道。
這個聲勢不墜的英國天團最新冠軍專輯《戴倫之歌》（TheBalladofDarren），在樂評盛讚之下於2023年7月21日發行，再度確定他們對英國文化超過30年的深遠影響力。
-好威映象",https://www.vscinemas.com.tw/vsweb/film/detail.aspx?id=7484,https://www.vscinemas.com.tw/vsweb/upload/film/film_20240924013.jpg,https://www.youtube.com/embed/rMle3LUXjpY?si
34,薇娜：死後七日,VINA,"""限""",2024-09-27,安吉烏巴拉 Anggy Umbara,奈拉丹尼普納馬 Nayla D. Purnama、吉塞爾瑪菲爾曼夏 Gisellma Firmansyah、迪麗雅侯賽因 Delia Husein,恐怖,1時40分,"震驚全國！印尼最駭人真實靈異事件改編，血淚控訴！死者附身好友三分半鐘真實錄音曝光，本片迫使印尼警方相隔八年重啟調查本案，導演因拍攝本片遭到印尼警方扣留七小時。
少女薇娜（奈拉丹尼普納馬飾）的屍體在印尼井里汶的高架橋上被發現，警方宣稱她是因為交通事故而喪命，但薇娜的家人們不相信，因為她身上的傷口很不自然。
這時，薇娜的靈魂附到了好友琳達（吉塞爾瑪菲爾曼夏飾）的身上，要親自揭發她的駭人遭遇……。
-車庫娛樂",https://www.vscinemas.com.tw/vsweb/film/detail.aspx?id=7465,https://www.vscinemas.com.tw/vsweb/upload/film/film_20240918041.jpg,https://www.youtube.com/embed/BwJy-62Hahw?si
35,在大雪封閉的山莊裡,IN AN ISOLATED COTTAGE ON A SNOWY MOUNTAIN,"""普""",2024-09-27,飯塚健,重岡大毅、中條彩未、岡山天音,推理、懸疑,1時49分,"東野圭吾原著小說改編，密閉山莊殺人事件，兇手究竟是誰?!WEST.重岡大毅、《東京復仇者》間宮祥太朗、《百花》岡山天音、《法庭遊戲》戸塚純貴、《電影版狂賭之淵》森川葵、《輪到你了劇場版》西野七瀬、《電影版TOKYOMER:行動急診室》中條彩未、《教場0》堀田真由主演。
七位演員應邀參加新劇的最終試鏡，試鏡地點設在一處被大雪封閉的山莊，並安排在為期四天的合宿期間進行。
劇本是這行人被困在這個山莊，並陷入了一宗連環殺人案中。
在這個封閉的空間中，演員們卻一一消失。
這究竟是虛構的故事，還是現實?一個驚心動魄的結局即將揭曉。
-政駒實業",https://www.vscinemas.com.tw/vsweb/film/detail.aspx?id=7416,https://www.vscinemas.com.tw/vsweb/upload/film/film_20240923002.jpg,https://www.youtube.com/embed/5Uzb9uaNYiM?si
36,雪水消融的季節,AFTER THE SNOWMELT,"""普""",2024-09-27,羅苡珊,羅苡珊,紀錄片,1時50分,"影片以2017年台灣年輕情侶至尼泊爾爬山，卻因天候而發生山難的事件為背景，講述甫成年的年輕人初次面對摯友離世的傷痛經驗。
該片由台灣、日本聯合製作，並獲2023年文策院TCCF創意內容大會提案首獎（TAICCAXCNCAWARD）、2023年韓國DMZ國際紀錄片影展粗剪提案會優選獎。
「在成年前夕，我（即導演羅苡珊）的摯友宸君和聖岳去尼泊爾健行，並與羅苡珊相約在途中會合。
但這份約定卻淪為缺憾——他們因大雪而受困在岩洞裡，當聖岳在受困第47天獲救時，宸君已於三天前離世。
倖存的聖岳帶回宸君給我的信，並告訴我他們的約定：活下來的人要說出這個故事。
我於是拿起相機、跟隨聖岳走入山中，以此面對宸君的遺願。
但聖岳逐漸對山難避而不談，促使我獨自來到尼泊爾，履行當初與宸君相約會合的承諾。
漸漸地，我的旅程與宸君的旅途重疊在一起，並通往同一個目的地——山難岩洞。
在雪融的季節，有些事物重見天日，有些事物則隨之消逝。
當我追索宸君的腳步來到洞口時，等待我的會是什麼？」-希望影視",https://www.vscinemas.com.tw/vsweb/film/detail.aspx?id=7412,https://www.vscinemas.com.tw/vsweb/upload/film/film_20240911007.jpg,https://www.youtube.com/embed/P0befpjU1L8?si
37,那年夏天，想見妳,THE SUMMER,"""普""",2024-09-27,韓智媛,(配音)尹雅英、宋河琳,動畫、愛情,1時1分,"李景的瞳孔是棕色的，她是個再平凡不過的高中生；素伊是學校女足隊的風雲人物，宛如夏日酷陽耀眼。
18歲那年，兩個女孩相遇了，意外墜入愛河，即將迎來20歲生日的她們，許願展望未來。
與順利考上大學的李景不同，素伊提前進入了社會，在充滿陌生的幸福與瑣碎的誤會間，兩人必須面對新的季節。
編劇崔恩英與導演韓智媛，通過女性的眼睛，透過女性的觸摸，書寫描繪出愛情的瞬間，讓人聯想到多年前《藍色大門》的青春躁動，與重溫《第一次遇見花香的那刻》難忘的纏綿愛戀。
-水元素",https://www.vscinemas.com.tw/vsweb/film/detail.aspx?id=7460,https://www.vscinemas.com.tw/vsweb/upload/film/film_20240910002.jpg,https://www.youtube.com/embed/Y1-7E8Hz1Ww?si
38,種土,SOUL OF SOIL,"""普""",2024-09-20,顏蘭權,-,紀錄片,2時22分,"《種土》記錄台灣南部的小鎮有兩個傻瓜：一位是41歲的阿仁，他放棄竹科的高收入與西裝領帶跑車，整天與發臭的菜葉果皮為伍，製作著有機堆肥；他撿著永遠也撿不完的堆肥中的塑膠垃圾...。
另一位是59歲的安和哥，他讓棗園的草，長的比腰還高；他徒手抓毛毛蟲，帶到荒地放生；他在果樹下襬上吊床，隨時可以在涼風的輕拂中瞌睡。
他向自然之道取經，農活既是生活形式，也是生命態度。
他們的夢想很簡單，就是讓土壤再次「活」了起來，變成可自在呼吸的活土。
然而，天地運行，大道無形也無情，理想與現實的拉鋸間，兩個認真尋夢的人，種下土壤，究竟是希望，還是憨人的白日夢？-牽猴子",https://www.vscinemas.com.tw/vsweb/film/detail.aspx?id=7450,https://www.vscinemas.com.tw/vsweb/upload/film/film_20240906008.jpg,https://www.youtube.com/embed/cJ5tOjxmNuQ?si
39,屍控戰場,OPERATION UNDEAD,"""輔""",2024-09-20,龔席立,阿瓦拉塔納平塔、查農桑提納同庫,驚悚、戰爭,1時50分,"《鬼4厲》龔席立執導，《猛鬼大學：邪無止禁》阿瓦拉塔納平塔、《模犯生》查農桑提納同庫主演，泰國新片票房冠軍。
1941年，泰國春蓬府的情勢一觸即發，中士梅克（查農桑提納同庫飾）和弟弟莫克（阿瓦拉塔納平塔飾）間的關係也相當緊張，就在此時莫克被徵召前往前線對抗日軍。
他們並不知道日軍正帶著一項祕密生化武器登陸，莫克與其他青年兵遭到感染成了啃食人肉的喪屍，而梅克則接到殲滅受感染變種生物的任務……。
-車庫娛樂",https://www.vscinemas.com.tw/vsweb/film/detail.aspx?id=7458,https://www.vscinemas.com.tw/vsweb/upload/film/film_20240912002.jpg,https://www.youtube.com/embed/rcq5zY_i62w?si
40,200%小狼人,200% WOLF,"""普""",2024-09-20,亞歷克斯施塔德曼,伊萊斯溫德爾斯、Elizabeth Nabben、珍妮佛珊德絲、Sarah Georgina,動畫,1時38分,"《100%小狼人》艾利克斯坦德曼執導，《弒婚遊戲》薩瑪拉·威明、《軍法》伊萊·史雲戴爾、《史瑞克2》珍妮佛·珊德絲配音，為了守護伙伴的安危，挺身而出成為拯救世界的英雄！在狼人家族中意外變身成貴賓犬的福來弟，正在努力獲得狼人群體的尊重。
但當他許下一個任性的願望，陰錯陽差之下使他成功變成了狼人，卻意外出現了調皮的月亮精靈！福來弟必須負責把月亮精靈送回月球，他需要在地球和月球相撞之前恢復宇宙秩序！驚險刺激的旅程處處暗藏著危機，福來弟一行人該怎麼辦？-原創娛樂",https://www.vscinemas.com.tw/vsweb/film/detail.aspx?id=7415,https://www.vscinemas.com.tw/vsweb/upload/film/film_20240909003.jpg,https://www.youtube.com/embed/tsTi7CPpKw8?si
41,你的名字。,YOUR NAME.,"""普""",2024-09-13,《秒速5公分》新海誠,(配音)《爆漫王》神木隆之介、《窈窕舞妓》上白石萌音,動畫、劇情,1時47分,"只要不停止相愛我們就能跳越時空找到彼此最青澀浪漫的戀愛奇遇！高校男孩立花瀧（神木隆之介飾）在半夢半醒間睜開睡眼，竟發現自己身處不知名的房間，甚至發現自己變成一個陌生女孩！而遠在他方的高校女生宮水三葉（上白石萌音飾），醒來時也發現自己變成男孩，原來是他們的身體對調了！驚醒的兩人跳起床後發現又回到了自己的身體裡，但只要睡覺或半夢半醒之際，他們兩個人就會互換身份。
一頭霧水的宮水決定循著片段的線索想要找到男孩，而男孩也透過在房間留下便條紙試著跟女孩溝通，兩人想盡辦法，在現實世界找到彼此，過程中更漸漸了解彼此，甚至開始產生好感，但沒想到兩人的奇遇並非隨機巧合，突如其來的事件也讓一切美好想像有了變化…",https://www.vscinemas.com.tw/vsweb/film/detail.aspx?id=1303,https://www.vscinemas.com.tw/vsweb/upload/film/film_20240906007.jpg,https://www.youtube.com/embed/ANWzJ19yEuY
42,邪惡勿語,SPEAK NO EVIL,"""輔""",2024-09-13,詹姆士瓦金斯,詹姆斯麥艾維、麥坎西黛維斯、史古特麥奈利、艾莉克絲威斯特萊弗勒、丹霍夫,驚悚、恐怖、劇情,1時50分,"一個夢幻假期的開始，卻成為一場可怕夢魘…當一個美國家庭受邀前往一座他們在度假時結識的迷人英國家庭的優美莊園度過週末時，原本應該是一個夢幻假期的開始，卻很快就變成了一場可怕的心理夢魘。
-環球影片",https://www.vscinemas.com.tw/vsweb/film/detail.aspx?id=7241,https://www.vscinemas.com.tw/vsweb/upload/film/film_20240822001.jpg,https://www.youtube.com/embed/4pOzx0GfLtc
43,湄公河水鬼,MA DA,"""輔""",2024-09-06,阮友黃 Nguyen Huu Hoang,越香 Viet Huong、阮成祿 Thanh Loc、徵丹 Trung Dan,恐怖,1時35分,"票房狂飆！打破越南影史恐怖片最高開片票房紀錄！取材自湄公河三角洲最黑暗的恐怖傳說超過10倍票房力壓同天上映的《異形：羅穆路斯》，強勢登頂越南票房冠軍關於這條河的傳說都是真的…黎太太（越香飾）靠著在湄公河上替人尋找落水失蹤的親友維生，然而她的工作卻意外觸怒越南傳說中的水鬼「ＭaDa」，導致她心愛的女兒被「MaDa」纏上，黎太太必須趕緊找到解救女兒的方法，否則她將淪為河底的亡魂……。
-車庫娛樂",https://www.vscinemas.com.tw/vsweb/film/detail.aspx?id=7441,https://www.vscinemas.com.tw/vsweb/upload/film/film_20240911013.jpg,https://www.youtube.com/embed/ZDBR_A95bdE?si
44,陰間大法師 BEETLEJUICE,Beetlejuice,"""輔""",2024-09-05,提姆波頓,麥可基頓、凱薩琳奧哈拉、賈斯汀瑟魯斯、莫妮卡貝魯奇、亞瑟康堤、珍娜奧特嘉、威廉達佛,喜劇、奇幻/科幻、恐怖,1時45分,"陰間大法師回來了！在發生一場意想不到的家庭悲劇後，迪茲家族的三代家人又回到冬河鎮的家中。
麗迪亞仍然受到陰間大法師的糾纏，當她叛逆的青少年女兒亞絲翠在閣樓發現了神秘的小鎮模型，以及通往陰間的入口不小心被打開之後，她的生活就被搞得天翻地覆。
當陰間和陽間開始出現麻煩時，遲早會有人說出陰間大法師的名字三次，然後這個調皮搗蛋的惡魔就會回來，釋放他獨特的混亂力量。
《",https://www.vscinemas.com.tw/vsweb/film/detail.aspx?id=7223,https://www.vscinemas.com.tw/vsweb/upload/film/film_20240809004.jpg,https://www.youtube.com/embed/wD0knpzPjQY
45,跳越時空的愛戀,URANUS2324,"""輔""",2024-08-28,Thanadol Nualsuth,Freen Sarocha Chankimha、Rebecca Patricia 'Becky' Armstrong、Erich Fleshman、Christophe Gerber,愛情、奇幻/科幻、劇情,2時11分,"琳（Freen飾演）和凱斯（Becky飾演）從朋友發展成戀人關係，琳夢想成為太空人，而凱斯則夢想打破自由潛水世界紀錄。
當琳終於成為太空人，凱斯卻消失在深海之中，再也沒有回來，讓琳的餘生都陷入在痛苦之中。
某日，琳執行太空任務，但太空船卻陷入巨大的太陽風暴當中，甚至切斷了她與地球的聯繫。
她認為這可能是她生命中的最後一刻了，這時，某種形式的能量突然帶走她的靈魂，將她傳送到與凱斯多個不同的平行世界當中。
兩人在平行世界裡跨越不同時代，都相互愛上彼此，只不過最終都無法改變悲痛的結局。
儘管如此，她仍堅持追求一個可以跟凱絲珍惜彼此的世界，不必再忍受著別離的痛苦…。
-采昌國際",https://www.vscinemas.com.tw/vsweb/film/detail.aspx?id=7405,https://www.vscinemas.com.tw/vsweb/upload/film/film_20240816005.jpg,https://www.youtube.com/embed/zmpu5jrxefI?si
46,霍爾的移動城堡,HOWLS MOVING CASTLE,"""普""",2024-08-22,宮﨑駿,(配音)倍賞千惠子、木村拓哉、美輪明宏、我修院達也、神木隆之介,動畫,1時59分,"18歲少女蘇菲在父親遺留下來的帽子店工作，有天平淡的生活出現改變，不僅在街上遇到帶著她飛上天的神祕魔法師霍爾，還遭荒野女巫下咒，瞬間變成90歲的老婆婆。
變老的蘇菲迫於無奈遠走他鄉，卻誤打誤撞住進霍爾的移動城堡，與霍爾相處的過程中漸漸尋回自我的價值，勇敢活出生命的意義。
-甲上娛樂",https://www.vscinemas.com.tw/vsweb/film/detail.aspx?id=7402,https://www.vscinemas.com.tw/vsweb/upload/film/film_20240729019.jpg,https://www.youtube.com/embed/CnBDgYIdTfU?si
47,電影蠟筆小新：我們的恐龍日記,CRAYON SHINCHAN THE MOVIE OUR DINOSAUR DIARY,"""普""",2024-08-16,佐佐木忍,(配音)小林由美子、楢橋美紀、森川智之、興梠里美、真柴摩利,動畫,1時46分,"《蠟筆小新》第31部劇場版作品，《幽遊白書》超人氣男星北村匠海特別演出，日搖神團MyHairisBad獻唱主題曲〈思い出をかけぬけて〉，這個暑假，好像有點不一樣哦！這個暑假，主打近距離觀察復活的恐龍的主題樂園「恐龍島」在東京開幕了。
小新與春日部防衛隊，受邀至這座備受矚目的樂園參觀。
與此同時，野原家的愛犬小白，在春日部河畔遇見了小恐龍那那。
那那很快地與他們成為好友，共度這個充滿回憶的暑假。
然而，那那其實有一個驚人的祕密。
就在此時，「恐龍島」上發生了恐龍逃脫事件……。
-車庫娛樂",https://www.vscinemas.com.tw/vsweb/film/detail.aspx?id=7398,https://www.vscinemas.com.tw/vsweb/upload/film/film_20240729004.jpg,https://www.youtube.com/embed/pf4K7wLSue4?si
48,異形：羅穆路斯,ALIEN ROMULUS,"""輔""",2024-08-15,費德阿瓦雷茲,伊莎貝拉莫塞、卡莉史派妮、亞奇雷諾斯、史派克費恩,奇幻/科幻、恐怖,1時59分,"科幻經典深入探索恐懼根源！恐怖直達深處的電影體驗！「異形之父」金獎大導雷利史考特監製《暫時停止呼吸》驚悚鬼才導演費德阿瓦雷茲執導年輕的太空殖民者意外揭曉宇宙中最可怕的生命形式……這次將帶觀眾回到系列的根源，由異形之父，金獎大導雷利史考特監製，找來曾拍攝《暫時停止呼吸》、《屍變》驚悚鬼才導演費德阿武雷茲執導。
故事描述一群年輕的太空殖民者在一艘廢棄的太空站進行拆解時，將揭密宇宙中最可怕的生命形式…《異形：羅穆路斯》",https://www.vscinemas.com.tw/vsweb/film/detail.aspx?id=7213,https://www.vscinemas.com.tw/vsweb/upload/film/film_20240730032.jpg,https://www.youtube.com/embed/M4m435Rh_kE?si
49,鬼才之道,DEAD TALENTS SOCIETY,"""輔""",2024-08-07,徐漢強,陳柏霖、張榕容、王淨、百白、曾威豪(瘦瘦)、姚以緹、黃迪揚、大鶴、龍龍(林千聿)、昶瑋、竺定誼,喜劇、劇情,1時50分,"耗時四年【返校】導演徐漢強前所未見陰間喜劇挑戰影史上鬼比人還多的電影陳柏霖率眾鬼出籠故事劇情從一間沒落的都市傳說「旺來大飯店」414號房開始，過氣女鬼天后凱薩琳與鬼經紀人Makoto為了在鬼界不被時代淘汰，得找尋出路，力爭上游的厲鬼們，要如何繼續成名陽間，創造新的都市傳說呢？「一個人的才華，有時候要變成鬼才知道。
」打破想像、超乎預期。
-索尼影業、牽猴子",https://www.vscinemas.com.tw/vsweb/film/detail.aspx?id=7230,https://www.vscinemas.com.tw/vsweb/upload/film/film_20240709015.jpg,https://www.youtube.com/embed/a4IMYv34m_o
50,屁屁偵探：再見親愛的夥伴，屁屁啊,BUTT DETECTIVE THE MOVIE FAREWELL MY LOVELY,"""普""",2024-08-02,瀨藤健嗣,(配音)三瓶由布子、齋藤彩夏、櫻井孝宏、津田健次郎、杉村憲司、池田鐵洋、小西克幸、中村誠、渡邊一計,動畫,1時12分,"屁屁偵探的事務所，收到了前搭檔水仙發來的一封信。
信中說道，全國各地的博物館，包括水仙現在任職的的哈特小鎮梅托博物館，都有大量畫作被換成了贗品，而水仙的老師金木，正被製造這些事件的秘密組織強迫製造贗品。
 水仙希望屁屁偵探能夠揭穿秘密組織的陰謀、拯救金木老師。
然而水仙的外貌與屁屁偵探曾經認識的女孩已有些不同，不知是敵是友。
儘管如此，屁屁偵探還是接受了請求，並在與秘密組織的戰鬥中深受重傷…-台北双喜電影",https://www.vscinemas.com.tw/vsweb/film/detail.aspx?id=7394,https://www.vscinemas.com.tw/vsweb/upload/film/film_20240723001.jpg,https://www.youtube.com/embed/wsjgzCypiSE?si
51,驀然回首,LOOK BACK,"""普""",2024-08-01,押山清高,(配音)河合優實、吉田美月喜,動畫,0時57分,"本片改編自以《炎拳》、《鏈鋸人》等作品聞名的漫畫家藤本樹的短篇原創漫畫，故事描述對自己漫畫充滿自信的藤野，以及拒絕上學的京本，這兩位女孩因為對漫畫一心一意的熱愛而相識，直到某天發生一起意外事件，讓所有的一切因而粉碎…。
擅長創作四格漫畫的小四生藤野（河合優實配音），意外得知長期「家裡蹲」拒絕上學的京本（吉田美月喜配音），也跟她一起在校刊上連載四格漫畫。
在藤野眼中，京本的畫功優異於她，讓藤野在自尊心作祟下，將其轉化成自己的成長動力，卯足全力鑽研畫功，花費一整年時間試圖追上差距，卻自認仍舊無法超越京本，導致她心灰冷意，決定放棄繪畫。
直到小學畢業前夕，藤野在老師的請託下，轉交畢業證書給待在家中的京本。
兩個性格相反的少女，也在此時正式相會，不僅促使藤野重燃對漫畫的熱愛，更牽起兩人不可分割的羈絆，共同踏上創作之路。
隨著歲月流逝，兩人的逐夢之路有悲有喜，然而一場殘酷的意外，卻粉碎了她們對未來的一切幻想…。
《驀然回首》是以《鏈鋸人》、《炎拳》等作品聞名全球的人氣漫畫家藤本樹，在2021年7月19日於漫畫平台網站「少年JUMP+」發表的短篇漫畫作品。
雖然只有143頁篇幅，然而悲喜交加的情節，以及令人揪心的轉折，不僅探觸創作的艱辛與意義，更窺探衝?人心的社會議題，以其涵蓋青春、創作與夢想等主題，讓讀者看完無不熱淚直呼「天才之作」、「太震撼了」、「無法想像」，甚至將本作視為自己的人生作品。
驚人的是，本作公開首日就刷新「少年JUMP+」歷史紀錄，突破250萬瀏覽次數，之後更榮登「這本漫畫真厲害！2022」男性讀者票選冠軍寶座，甚至連藝術家村上隆、奈良美智、《SPY×FAMILY間諜家家酒》編輯林士平、《我推的孩子》漫畫家橫槍萌果等眾多知名漫畫工作者都為之讚頌！這本話題神作，在粉絲的高度期盼之下，終於在2024年推出劇場版登上大銀幕。
由《灌籃高手》原畫擔當公司「STUDIODURIAN」製作，並由曾擔任過《新世紀福音戰士新劇場版：破》、《借物少女艾莉緹》、《風起》等知名動畫的原畫師、有「怪物動畫師」之稱的押山清高執導。
雖然這是他首度執導動畫長片，卻一手包辦全片大部分製作，包括導演、劇本、角色設計等職務。
他生動細緻地描繪出創作者的內心世界，並運用風格化的著色和筆觸，為本片增添跟原著截然不同的韻味，並讓原著經典的電影感分鏡，能夠真正以電影形式跟觀眾見面。
他非常努力完成這部作品，甚至直到本片公開對外試映的前一天晚上，都還在用心完成主線故事，讓人對他的努力感到無比敬佩，就連原著作者藤本樹都笑讚：「我覺得押山導演的熱情非常令人驚嘆，而且身為原著作者的我，總覺得他的畫面比我自己的還要更好，真是有些不服氣。
」-采昌國際",https://www.vscinemas.com.tw/vsweb/film/detail.aspx?id=7384,https://www.vscinemas.com.tw/vsweb/upload/film/film_20240715001.jpg,https://www.youtube.com/embed/TgUhxA_r8lw?si
52,死侍與金鋼狼,DEADPOOL AND WOLVERINE,"""輔""",2024-07-24,薛恩李維,萊恩雷諾斯、休傑克曼、莫蓮娜芭卡琳、馬修麥費狄恩、艾瑪可林、布莉安娜海德布蘭德、萊絲莉厄格絲、卡蘭索尼、派崔克史都華、珍妮佛嘉納,喜劇、奇幻/科幻、動作,2時10分,史上最另類超級英雄、語不驚人死不休的死侍睽違六年終於萬眾矚目重返大銀幕，更首度加入漫威電影宇宙！除了與老搭檔鋼人、青少女彈頭和雪緒再度聚首，更將與睽別15年的金鋼狼二度並肩作戰再續兄弟情，時間變異管理局找上門帶走他也老神在在，並自認只有自己能當漫威救世主，改寫漫威電影宇宙！-《死侍與金鋼狼》,https://www.vscinemas.com.tw/vsweb/film/detail.aspx?id=7177,https://www.vscinemas.com.tw/vsweb/upload/film/film_20240604003.jpg,https://www.youtube.com/embed/mnfewzlueXM
53,電影哆啦A夢：大雄的地球交響樂,DORAEMON THE MOVIE NOBITAS EARTH SYMPHONY,"""普""",2024-07-12,今井一曉,（配音）水田山葵、大原惠、嘉數由美、木村昴、關智一、田村睦心、芳根京子、悠木碧、天月、Vaundy,動畫、喜劇、冒險,1時55分,"為了參加學校的音樂會，大雄努力練習不擅長的直笛，神祕的少女米佳突然出現在他面前。
米佳很喜歡大雄悠閒自在的音色，便招待哆啦A夢與大雄前往將音樂轉化為能量的行星「音樂殿堂」。
為了讓音樂殿堂復甦，米佳正在找尋一起演奏音樂的專家，哆啦A夢也利用道具「音樂家執照」演奏讓殿堂復甦的音樂，此時，將音樂從世界上消除的可怕生物也朝著他們來襲。
-車庫娛樂",https://www.vscinemas.com.tw/vsweb/film/detail.aspx?id=7297,https://www.vscinemas.com.tw/vsweb/upload/film/film_20240710022.jpg, 
54,名偵探柯南 100萬美元的五稜星,DETECTIVE CONAN THE MOVIE THE MILLION DOL,"""普""",2024-06-28,永岡智佳,(配音)高山南、山口勝平、山崎和佳奈、小山力也、堀川亮、宮村優子、雪野五月、小野大輔、游佐浩二、緒方賢一、林原惠、岩居由希子、高木涉、大谷育江、松井菜櫻子、花田光、石井康嗣、池田秀一、石田彰、津田健次郎、大泉洋、松岡禎丞、菅生隆之、中博史、高野麻里佳、銀河萬丈,動畫、推理、懸疑,1時50分,"故事描述怪盜基德對斧江財團位於北海道函館的收藏庫發出了預告信，然而奇怪的是，向來只愛盜取名貴珠寶的基德，這次鎖定的目標竟然是一把幕末時代的日本刀。
在此同時，柯南與關西名偵探服部平次，正巧為了劍道大會也來到了函館，面對神秘的殺人事件以及基德的公然挑戰，柯南與平次能否成功阻止基德？而秘藏在刀裡的驚人真相又究竟為何？-普威爾",https://www.vscinemas.com.tw/vsweb/film/detail.aspx?id=7269,https://www.vscinemas.com.tw/vsweb/upload/film/film_20240429002.jpg,https://www.youtube.com/embed/QH2tVx7RbU0
55,腦筋急轉彎2,INSIDE OUT 2,"""普""",2024-06-13,凱爾西曼恩,(配音)愛咪波勒、菲莉絲史密斯、路易斯布萊克、托尼海爾、麗莎拉琵拉、瑪雅霍克,動畫、喜劇、冒險,1時36分,《腦筋急轉彎2》除了率領最受觀眾喜愛的情緒主角樂樂、憂憂、怒怒、厭厭、驚驚再度登場，更深入探索踏上青少女時期的萊莉內心，全新情緒角色也將全面解鎖，即將隨著她的嶄新日常生活一一登場，但一場「腦內革命」也無可避面地隨之爆發，令萊莉的內心世界再度陷入空前危機，樂樂和大夥們因而展開全新旅程，勢必奪回主控權以阻止災難發生！《,https://www.vscinemas.com.tw/vsweb/film/detail.aspx?id=7166,https://www.vscinemas.com.tw/vsweb/upload/film/film_20240418002.jpg,https://www.youtube.com/embed/0T0dNI70aY4
56,劇場版 排球少年!! 垃圾場的決戰,HAIKYU THE DUMPSTER BATTLE,"""普""",2024-04-12,滿仲勸,(配音)村瀨步、石川界人、梶裕貴、中村悠一,動畫、喜劇、劇情,1時25分,"「宿命之戰——終於開打!!」長年累積的恩怨今天就將在此了結！！！睽違三年，《排球少年!!》在動畫第四季完結之後，終於迎來電影故事接續動畫在第四季之後，自從烏野高中擊敗全國大賽第二輪的勁敵稻荷崎高中後，便將面對宿敵：「音駒高中」，儘管這兩支球隊經常在練習賽中對戰，卻從未在全國錦標賽中交手；烏野與音駒兩所高中的排球教練在年輕時便許下了在全國大賽一決雌雄的約定，卻始終未能如願，直至今日，終於迎來對戰的機會，這兩組最熟悉的對手，都將拼盡全力，打出一場精采且不能重來的宿命之戰。
-羚邦映畫",https://www.vscinemas.com.tw/vsweb/film/detail.aspx?id=7142,https://www.vscinemas.com.tw/vsweb/upload/film/film_20240227025.jpg,https://www.youtube.com/embed/kLYbnRhjcQE
57,默殺：無聲之地,A PLACE CALLED SILENCE,"""輔""",2024-10-18,柯汶利,黃健瑋、尹馨、張世、宸頤、李沐,懸疑、驚悚,1時45分,"《誤殺》柯汶利執導、陳昱俐共同編劇，以真實社會案件為靈感，探尋旁觀者的漠視，是否串聯起整個社會背後的沉默犯罪。
尹馨、黃健瑋突破尺度演出，詮釋脆弱無助與變態瘋狂間的一念之差，當懸疑被層層剝開，霸凌成為日常，面對信仰的質疑，真理能否如一把榔頭，敲碎人性頑石？而報復執念纏身、淹沒心中愧疚，那些沉默中引爆的以暴制暴，極限何在？靜穆女中的學生失蹤案接連不斷，與連續不止的雨天一樣，隱隱不安滲透人心；特教生小彤終日沉默，警官質疑她是案件的關鍵目擊者，試圖尋獲線索。
校慶前夕，當校長拉開儀式布條時，一具女屍從天而降，全場震驚四處逃竄；警方追查一連串失蹤案與女屍的關聯，媒體更大肆曲解報導。
原來，多年前這裡曾發生過一起墜樓案件，死者父親與小彤似乎都與此有所關聯……-鴻聯國際",https://www.vscinemas.com.tw/vsweb/film/detail.aspx?id=7503,https://www.vscinemas.com.tw/vsweb/upload/film/film_20241008001.jpg,https://www.youtube.com/embed/0pqdLo8O_5E?si
58,銀魂劇場版2D 一國傾城篇,Gintama on Theater 1,none,2024-10-18,藤田陽一,(配音)杉田智和、阪口大助、釘宮理惠、甲斐田裕子、森川智之、平野綾、井上和彥、土師孝也、千葉繁、龍齋貞友、小野友樹,動畫,時分,"劇情從美若天仙、精通百藝、千年難得一遇的傳說花魁「玲蘭」說起；「明月高升時，我會再來見你…」，玲蘭心底牢牢惦記著當時與情郎的約定，為了這個約定，她在吉源苦苦地等待意中人，但是幾年過去，情郎悄無音訊，她決定委託萬事屋的銀時幫助自己了卻心願；得知自己被傳說中的花魁指定任務，難掩內心激動的銀時迅速地趕到玲蘭面前，但讓他意想不到的是…這場等待也太久了…。
接下玲蘭的委託，銀時與月詠很快展開尋人的工作，歷經百般波折後，他們發現前任將軍德川定定似乎與這起事件相關，然而令他無法赴約的原因竟然是一樁足以撼動整個幕府的巨大陰謀。
銀次能否幫忙平定這場危機，順利讓玲蘭與意中人在明月高掛時相見？-羚邦亞洲",https://www.vscinemas.com.tw/vsweb/film/detail.aspx?id=7502,https://www.vscinemas.com.tw/vsweb/upload/film/film_20241007002.jpg,https://www.youtube.com/embed/OhL3dNprmhk?si
59,孤狼救援,Gunner,none,2024-10-18,迪米崔洛戈塞蒂斯,路克漢斯沃、摩根費里曼、格蘭特菲利,動作、犯罪,時分,"李岡那（路克漢斯沃飾）要從危險的販毒集團中救出他的兒子路克和崔維斯。
-車庫娛樂",https://www.vscinemas.com.tw/vsweb/film/detail.aspx?id=7497,https://www.vscinemas.com.tw/vsweb/upload/film/film_20241007001.jpg,https://www.youtube.com/embed/pkW4wPWu0R8?si
60,鄰家密友,My New Friends,none,2024-10-18,安德烈泰希內,伊莎貝雨蓓、阿芙皙雅艾薇、納韋爾培瑞茲比斯卡亞,犯罪、劇情,時分,"入選2024柏林影展全景單元，《激情密約》《野蘆葦》安德烈泰希內執導，《她的危險遊戲》伊莎貝雨蓓、《波斯語課》納韋爾培瑞茲比斯卡亞主演。
露西是一名警察。
一對年輕夫婦和他們的小女兒搬家成為了她的鄰居，擾亂了她孤獨的日常生活。
當露西認識她的新鄰居時，她發現其中的父親揚恩是一名擁有長期犯罪記錄的反警察活動人士。
露西作為一名警察的職業良心和幫助這個家庭的願望之間的道德衝突使她逐漸動搖……導演安德烈泰希內是法國新浪潮之後最有成就的電影導演之一，他是《電影手冊》第二代影評人，從電影評論進入電影製作領域。
他以極其優雅、情感豐沛的電影風格聞名，經常探討人類情感與社會結構的複雜性，以獨特的角度切入審視人際關係，是當代法國電影頗具份量的殿堂級創作者。
本片女主角伊莎貝雨蓓曾被法國凱薩獎提名16次，是該獎項的紀錄保持人，並曾以《儀式》(1995)與《她的危險遊戲》(2016)獲得凱薩獎最佳女主角獎。
伊莎貝雨蓓擁有極高國際知名度，並參與許多非法語圈電影的拍攝，是當代具代表性的金獎影后。
-原創娛樂",https://www.vscinemas.com.tw/vsweb/film/detail.aspx?id=7496,https://www.vscinemas.com.tw/vsweb/upload/film/film_20240930015.jpg,https://www.youtube.com/embed/fCkeM9D2wnY?si
61,辣手警探2,"I, The Executioner",none,2024-10-18,柳承完,黃晸珉、吳達洙、張允柱、吳代煥、金時厚、丁海寅,動作、犯罪,時分,"重案犯罪搜查隊刑警徐道哲（黄晸玟飾），不分晝夜地和隊員們一同對抗犯罪。
某天，一名教授之死竟與之前發生的殺人案有關，全國上下因連環殺手而感到焦慮不安。
刑警們開始展開搜查，然而連環殺手彷彿在嘲笑他們般，竟將下一個要殺害的目標公布在網路上，令全國民眾人心惶惶。
充滿正義感的刑警朴善宇（丁海寅飾）也加入重案犯罪搜查隊，案件也有新的發展……-車庫娛樂",https://www.vscinemas.com.tw/vsweb/film/detail.aspx?id=7495,https://www.vscinemas.com.tw/vsweb/upload/film/film_20240930014.jpg,https://www.youtube.com/embed/Z8DrPGoaHmE?si
62,懼裂,THE SUBSTANCE,"""限""",2024-10-18,柯洛里法吉特,瑪格麗特庫利、丹尼斯奎德、黛咪摩爾、Hugo Diego Garcia、Joseph Balderrama,奇幻/科幻、驚悚,2時21分,"2024多倫多影展觀眾票選首獎，《浴血狂花》柯洛里·法吉特導演兼編劇，《第六感生死戀》黛咪摩爾、《可憐的東西》瑪格麗特庫利、《為了與你相遇》丹尼斯奎德主演。
曾經紅極一時的好萊塢巨星伊莉莎白(黛咪摩爾飾)，無法面對自己老去的容顏，決定使用一種名為「完美物質」的黑市藥物，透過注射藥物的細胞複製物質，創造出更年輕、更好的另一個自己(瑪格麗特庫利飾)。
「年華老去」及「年輕貌美」的自己該如何共存？會是更強烈的容貌焦慮大戰？還是要不斷迎合大眾對「美」的期待？一場自我身體主導權的爭奪戰即將上演…女主角黛咪摩爾除了赤裸又血淋淋地挑戰從影以來最大尺度，更將電影中「完美成癮」到「面目全非」的瘋狂詮釋得淋漓盡致，堪稱「生涯最巔峰之作」，外媒更預測她可望以本片角逐奧斯卡最佳女主角獎，她自己則透露：「決定演出這部電影是一場考驗，也是一個賭注，因為這部電影真的太瘋狂了！只有導演柯洛里法吉特能夠駕馭這個故事，她讓這部電影達到無與倫比的完美。
」-Catchplay",https://www.vscinemas.com.tw/vsweb/film/detail.aspx?id=7494,https://www.vscinemas.com.tw/vsweb/upload/film/film_20240930009.jpg,https://www.youtube.com/embed/sXa_BVCYWZA?si
63,陰陽師0,The Yin Yang Master Zero,none,2024-10-18,佐藤嗣麻子,山崎賢人、染谷將太、奈緒、北村一輝、小林薰、安藤政信、國村隼,奇幻/科幻、懸疑、劇情,時分,"世間有名者皆受咒束縛。
千年前的平安時代人鬼共存，魑魅魍魎橫衝直撞，卻又藏匿於人心的各種欲望。
陰陽寮的學生安倍晴明，傳說是狐妖之子，雖天賦異稟卻對追求名利毫無興趣，一心只想揭開父母遇害之謎，特立獨行也引來眾妒。
有天，皇族徽子女王的住所發生奇異事件，貴族之子源博雅受託前來尋求晴明相助，與此同時，陰陽寮也有學生離奇死亡，各種異象顯示邪惡陰謀籠罩平安京，種種謎團即將解咒，真相讓人不寒而慄。
改編自同名系列小說，原作者夢枕獏協助監製全新故事。
演員陣容華麗，網羅山崎賢人、染谷將太、奈緒、北村一輝、小林薰、安藤政信、國村隼等，更找來加門七海擔任咒術顧問，片中旁白亦由人氣聲優津田健次郎助陣，這部為紀念安倍晴明誕生一千一百週年所製作的電影，將為《陰陽師》寫下全新篇章。
史上最強咒術師，沒有之一！-采昌國際",https://www.vscinemas.com.tw/vsweb/film/detail.aspx?id=7493,https://www.vscinemas.com.tw/vsweb/upload/film/film_20241008002.jpg,https://www.youtube.com/embed/HvHZD3r0WLM?si
64,雪中真相,Snow and the Bear,none,2024-10-18,賽爾森艾爾貢,梅薇迪茲達、薩伊根索伊薩爾,懸疑、劇情,時分,"坎城影后梅薇迪茲達繼《春風勁草》最新代表作，多倫多影展正式入選。
年輕護士阿絲莉被調派至土耳其一處偏遠村莊，一望無際的皚皚白雪讓今年冬天似乎無比漫長，村莊對外道路因大雪封閉，更有傳言稱大熊提早結束冬眠、開始掠食往村莊前進。
一天寒冬夜裡，鎮上發生一起神秘失蹤案，逐漸引起各種傳言，令人惶恐不安，阿絲莉也開始意識到，自己正被捲入一場權力、秘密、猜忌的風暴漩渦。
-政駒",https://www.vscinemas.com.tw/vsweb/film/detail.aspx?id=7475,https://www.vscinemas.com.tw/vsweb/upload/film/film_20240930022.jpg,https://www.youtube.com/embed/iENwWLma6aw?si
65,微笑2,Smile 2,none,2024-10-18,帕克菲恩,羅絲瑪麗德威特、凱爾加納、娜歐蜜史考特、Lukas Gage,驚悚,時分,"《微笑》續集，帕克菲恩編導，娜歐蜜史考特、羅絲瑪麗德薇特、凱爾加納、盧卡斯蓋奇主演。
駭人恐懼正在驚悚蔓延，它永遠不會放過你....即將展開一場全新的世界巡迴演唱會，全球流行天后絲凱萊莉（娜歐蜜史考特飾）開始經歷極度恐怖和無法解釋的事件。
當她受到越來越可怕的驚懼現象以及名氣所帶來的巨大壓力的雙重打擊下，絲凱就被迫必須面對她黑暗的過去，才能在一切完全失控之前重新掌握自己的人生。
-UIP",https://www.vscinemas.com.tw/vsweb/film/detail.aspx?id=7421,https://www.vscinemas.com.tw/vsweb/upload/film/film_20240903001.jpg,https://www.youtube.com/embed/QsMv2cYzsQw?si
66,猛毒最終章：最後一舞,Venom: The Last Dance,none,2024-10-23,【猛毒】系列編劇 凱莉馬修,湯姆哈迪、奇維托艾吉佛、茱諾坦普,奇幻/科幻、冒險、動作,時分,"湯姆哈迪重磅回歸飾演暗黑超級英雄，為猛毒系列三部曲劃下句點。
最愛吃人頭的調皮猛毒又回來了，甚至粉絲最愛的客串角色陳太太都將回歸，這對共生體這次將面對從母星來的外星大軍，。
猛毒無極限的寄生能力也將派上用場，賦予地球生物近乎瘋狂的超猛爆發力。
在這次三部曲中的最後一章，艾迪和猛毒走上逃亡之路，被雙方的陣營一同追殺，共同對抗令人絕望的強大反派，猛毒系列三部曲最終章將迎來最精彩且令人心痛的震撼結局。
-索尼影業",https://www.vscinemas.com.tw/vsweb/film/detail.aspx?id=7323,https://www.vscinemas.com.tw/vsweb/upload/film/film_20240604002.jpg,https://www.youtube.com/embed/jbDABWfr6Vo
67,白南準：月亮是最古早的電視,Nam June Paik: Moon Is the Oldest TV,none,2024-10-25,Amanda Kim,白南準,紀錄片,時分,"1世紀「Z世代」娛樂資訊爆炸，速食影音全球當道。
早在1960年代網路尚未發展之時，白南準便以「破壞藝術家」之稱聞名，透過錄像藝術刻畫他對未來資訊科技發展的奇思。
1974年，他便以「資訊高速公路」形容數據媒體傳播。
這樣的概念在當時極度創新，大膽又準確預測了當今世界各地實時交流、新媒體的急速傳播；他的前衛之舉，更創造出一種空前的視覺饗宴。
本片帶領觀眾深入白南準世界裡科學、藝術、流行文化的破格及融合，同時也見證身處「未來」的我們，如何活出白南準眼中的異想世界！-佳映娛樂",https://www.vscinemas.com.tw/vsweb/film/detail.aspx?id=7504,https://www.vscinemas.com.tw/vsweb/upload/film/film_20241008003.jpg,https://www.youtube.com/embed/Q1FRaXXZoTo?si
68,巡演轉學生,Confetti,none,2024-10-25,藤田直哉,松藤史恩、齋藤潤,劇情,時分,"帷幕升起，國中生裕貴的生活再次開啟新篇章。
在父親領導的大眾演劇劇團中扮演女角，粉墨登場。
裕貴因巡迴反覆轉學，難以融入校園，不期待交朋友的他，這次卻遇上了叛逆資優生阿建。
一起讀書、徹夜暢聊，裕貴初嚐友誼的美妙。
當阿建的同班前女友茉耶發現裕貴存在，三人逐漸走入彼此的世界。
茉耶迷上了大眾演劇，阿建跟裕貴卻因誤會產生嫌隙……。
劇團邁向最終場演出，帷幕落下，少年情誼是否能迎來圓滿結局？-中影",https://www.vscinemas.com.tw/vsweb/film/detail.aspx?id=7500,https://www.vscinemas.com.tw/vsweb/upload/film/film_20241001015.jpg,https://www.youtube.com/embed/pmKFfQ4J8To?si
69,為我辦一場西式的喪禮,See You,none,2024-10-25,游翰庭,郭品希、楊卓叡、黃聖球、張鈞甯、陳庭妮、李振浩,劇情,時分,"金獎大師廖慶松聯手新銳導演游翰庭共同打造，張鈞甯及陳庭妮以及新銳演員郭品希、楊卓叡、邵奕玫、李振浩、黃聖球及詹子萱共同演出，細膩刻畫青春，細細品味成長過程帶來疼痛的純愛電影。
大家說，釘仔(楊卓叡飾)跳海了，但是他明明就好端端站在我(郭品希飾)的面前。
他用手語對我說：為我辦一場西式的喪禮。
我一直不知道該怎麼辦──不管是西式的喪禮，還是自己面對的所有鳥事。
釘仔的出現與消失，一定有什麼想告訴自己的事。
近來在戲劇作品屢屢演出新類型角色的陳庭妮，這次在《為我辦一場西式的喪禮》中演出高中班導的角色，提到因為這次演出的關係，陳庭妮很想跟高中老師說聲「抱歉」，因為大家在高中生時期的活力、精力和想像力都非常豐富，自己親身體驗後才發現原來在老師的視角因為要管教他們的秩序和成績等等，其實是相對辛苦和吃力的，但也會讓她想起高中生活青春可愛的歲月，所以在拍攝過程反覆看這些年輕演員時，就會想著：「你們要好好享受這個懵懂，很有活力又什麼都不怕的階段，因為這個時光是最迷人的。
」。
-CATCHPLAY",https://www.vscinemas.com.tw/vsweb/film/detail.aspx?id=7499,https://www.vscinemas.com.tw/vsweb/upload/film/film_20241001009.jpg,https://www.youtube.com/embed/7QXv38fRpHc?si
70,鬼禁地,The Cursed Land,none,2024-10-25,帕努亞瑞、孔李狄,阿南達艾華靈漢 Ananda Everingham、博朗帕拉雷 Bront Palarae、詹尼斯奧普拉塞特 Jennis Oprasert,恐怖,時分,"一位喪偶的佛教徒男子（阿南達艾華靈漢飾）帶著女兒（詹尼斯奧普拉塞特飾）搬進穆斯林社區開始新生活，卻意外釋放了破舊房屋裡被封印了200年的「妖靈」，並陸續發生令人毛骨悚然的奇怪現象，無計可施的他只能尋求穆斯林巫醫協助……。
-車庫娛樂",https://www.vscinemas.com.tw/vsweb/film/detail.aspx?id=7480,https://www.vscinemas.com.tw/vsweb/upload/film/film_20240919001.jpg, 
71,從水深0米開始,Swimming in a Sand Pool,none,2024-10-25,山下敦弘,濱尾咲綺、仲吉玲亞、清田美久莉、花岡菁,劇情,時分,"《去唱卡拉OK吧！》、《琳達!琳達!》山下敦弘執導，改編自知名人氣舞台劇，除了飾演游泳社社長千鶴的清田美久莉之外，其餘三人:未來、心、由依皆由舞台劇原班人馬仲吉玲亞、濱尾?綺、花岡堇出演。
高二的暑假，未來和心因為缺課，被體育老師山本要求在暑假期間到校打掃游泳池。
面對著一滴水也沒有，卻堆積了無盡沙子的泳池，她們雖然不情願，卻為了不被死當，拿起掃具在豔陽下開始打掃工作。
不知為何，游泳社的千鶴以及游泳社的前社長由依學姐也加入了打掃的行列。
就這樣，四個女孩各自懷抱著不同的煩惱，她們漫不經心地從校園社團、戀愛心事一路聊到美妝與時尚，各種對生活與未來的期待和迷惘，讓乏味的打掃工作、乾涸的泳池增添了意想不到的青春色彩。
2019年，就讀高二的中田夢花與社團顧問老師討論後，打造出了一部舞台劇劇本，這部細膩的作品在第44屆四國地區高等學校演劇研究大會中獲得了文部大臣賞(最優秀賞)，並成為繼超人氣舞台劇改編而成的電影《阿爾卑斯看台的外緣》後，第二部獲得「高校舞台劇重啟企劃」的作品。
該劇於2021年在東京下北澤小劇場「劇」演出獲得極大迴響後，終於決定要由曾執導《去唱卡拉OK吧！》、《天然子結構》、《琳達!琳達!》等多部優質青春電影的山下敦弘執導搬上大銀幕!導演山下敦弘表示，這是自己繼《琳達!琳達!》後，再次拍攝以女高中生為主角的電影，「時隔多年我又老了許多，但身為一個老人，拍攝期間每天看著這群年輕的編劇、演員們在無水的泳池底奮力嶄露青春的光彩，我覺得非常快樂，也有一種重拾已逝青春的感覺!」片中的四位少女主角，除了飾演游泳社社長千鶴的清田美久莉之外，其餘三人:未來、心、由依皆由舞台劇原班人馬仲吉玲亞、濱尾?綺、花岡堇出演。
四位少女有著截然不同的性格與煩惱，不論是對自身容貌、性別的焦慮，還是對未來志向的徬徨，各種搖擺不定、有點彆扭卻純粹無比的心思，都在夏日的乾涸泳池底經過辯論、爭執、理解、釋懷後得到解放，留下溫柔的餘韻。
-天馬行空",https://www.vscinemas.com.tw/vsweb/film/detail.aspx?id=7477,https://www.vscinemas.com.tw/vsweb/upload/film/film_20240918025.jpg,https://www.youtube.com/embed/8PROxN9twac?si
72,乒乓男孩,Doubles Match,none,2024-10-25,洪伯豪,彭裕愷、李星緯、徐若瑄、鄭人碩、施名帥、魏蔓,劇情、勵志,時分,"胡冠宇對桌球充滿著熱情，每天拉著好友黃軒練習對打，一心想成為奧運選手。
然而隨著實力逐漸成長，兩人的球技也拉開差距、漸行漸遠。
歷經一年的苦練，胡冠宇最終取得選拔賽參賽資格，而他的決賽對手正是──黃軒。
-華納兄弟",https://www.vscinemas.com.tw/vsweb/film/detail.aspx?id=7476,https://www.vscinemas.com.tw/vsweb/upload/film/film_20240918040.jpg,https://www.youtube.com/embed/I8Ylhjg9lnE?si
73,非普通家族,A Normal Family,none,2024-11-01,許秦豪,薛景求、張東健、金喜愛、秀賢,劇情,時分,"《2024台北電影節》閉幕片，本片根據荷蘭作家荷曼・柯赫的暢銷小說《命運晚餐》（TheDinner）改編，《春逝》、《外出》許秦豪執導，金喜愛、薛景求、張東健主演。
薛景求在片中飾演唯利是圖的律師哥哥，張東健則是正直不阿的醫生弟弟，價值觀截然不同的兄弟，卻因為雙方子女涉入的意外，定期家族晚餐演變成一場場複雜的良心攻防戰。
金喜愛在片中與張東健飾演夫妻，她為子女操碎了心，極致又細膩的詮釋，帶動全片情緒，充分展現影后的表演實力。
-網銀國際",https://www.vscinemas.com.tw/vsweb/film/detail.aspx?id=7508,https://www.vscinemas.com.tw/vsweb/upload/film/film_20241008020.jpg,https://www.youtube.com/embed/7i1A1Q5WVEA?si
74,罪惡對決,In the Land of Saints and Sinners,none,2024-11-01,勞勃羅倫茲,凱莉肯頓、Desmond Eastwood、Conor MacNeill、Seamus O'Hara,動作、犯罪,時分,"《神鬼獵人》《刺客教條》製作團隊年度鉅獻，地表最強老爸連恩尼遜主演，化身愛爾蘭殺手，《伊尼舍林的女妖》、凱莉肯頓《貝爾法斯特》希朗漢德主演。
1970年代的愛爾蘭，芬巴墨菲（連恩尼遜飾演）在戰爭後獨自隱居偏遠的海濱小鎮，以遠離國內的政治動亂，只是在他看似恬淡的日常中，竟藏著連鄰居都不曉得的陰暗面。
而為了擺脫黑暗過去，芬巴決心揮別喪妻之痛、重拾起對生活的熱情。
但於此同時，一個由冷酷女子朵埃琳（凱莉肯頓飾演）領導的愛爾蘭共和軍小組，為了躲避追緝也來到這個的小鎮藏身。
然而當芬巴發現其同夥曾對一名當地女孩施暴後，便迫使他決定在金盆洗手之前執行他的「最後一次任務」，只是也因這次任務，竟讓看似平靜無波的小鎮掀起了陣陣波瀾。
隨著局勢愈加緊張，芬巴必須在暴露自己祕密身分和保護鎮民之間做出抉擇。
-可樂電影",https://www.vscinemas.com.tw/vsweb/film/detail.aspx?id=7507,https://www.vscinemas.com.tw/vsweb/upload/film/film_20241008019.jpg, 
75,仇雲殺機,Cloud,none,2024-11-01,黑澤清,菅田將暉、古川琴音、奧平大兼、窪田正孝,懸疑、驚悚,時分,"《間諜之妻》威尼斯銀獅獎得主黑澤清最新導演作品，《電影版勿說是推理》菅田將暉、古川琴音、奧平大兼、窪田正孝主演。
吉井良介，在擔任工廠作業員的平凡假象之下，以獨到眼光與能言善道的口才，大量低價買進各式產品再高價轉手賣出，賺取橫財。
同為偏門經銷商的學長提議共同投資拍賣事業，卻被良介果斷拒絕;然而，他卻同時間辭去工作，帶著女友埋伏鄉間豪宅，並雇用當地幫手決定擴大事業版圖。
良介野心勃勃，盜賣贗品醜聞卻甚囂塵上，受害買家誓言復仇，恨意如雲無影無蹤，讓渾然不覺的良介，尚未感到死亡威脅即將到來。
黑澤清首次攜手日本電影金像獎影帝菅田將暉，古川琴音、窪田正孝卡司夢幻連動，「五郎」松重豐更驚喜現身。
黑澤清睽違四年回歸本格，再推懸疑驚悚大作。
以軟性、樸素的敘事節奏提煉更加日常化的高壓驚悚，切開邪惡肌理，更直面最純粹的恨意。
看似雲淡風輕，彷若一場沒有煙硝的戰爭，實則在循環積累的惡意中陷入集體瘋狂，誰也無法脫身。
本片不僅入選威尼斯影展，也將代表日本角逐奧斯卡最佳國際影片。
從網際網路的「雲端」意象反映出每個人都可能在虛擬的網路世界獲得利益，同時也可能瞬間成為眾矢之的，而身處其中的當事人卻可能從頭到尾無法得知敵人究竟隱身何方?濃烈的恨意又是因何而起?身處在網路世界就像在層層雲霧中，滿滿的恐懼讓人難以摸清事情的全貌。
導演黑澤清表示，現代日本社會各角落時常發生沒來由的暴力事件，深入調查後會發現，這些事件背後的動機往往源自微小的不滿和挫敗感，卻在經過網路誇大後衍伸成龐大的仇恨，因此這次希望以此為題，拍一部懸疑動作類型電影。
昏暗的燈光、廢棄的工廠、詭異的對話、淒厲的風聲蟲鳴，片中充斥著各種令人坐立難安的元素，讓觀眾一同進入這場因微小恨意而生的瘋狂殺戮戰場。
-天馬行空",https://www.vscinemas.com.tw/vsweb/film/detail.aspx?id=7506,https://www.vscinemas.com.tw/vsweb/upload/film/film_20241008013.jpg,https://www.youtube.com/embed/Fk7WY6d9tUM?si
76,愛子歸來,"Come Home, My Child",none,2024-11-01,李靖惠,-,紀錄片,時分,"楊媽媽遭逢重大家庭變故，在生命絕境時，從台灣移民到美國，意外開啟人生新階段。
一群懷抱美國夢的青年，卻在美深陷牢獄，判刑百年。
20多年來，是什麼力量驅動楊媽媽持續寄信，聆聽重刑犯心聲？她的孫女又為何只願以紙條溝通？一部長達十年、橫跨台美的紀錄片，記錄獄中青年與楊媽媽由陌生到情同親人的故事，以及屋簷下祖孫從疏離到敞開心扉的轉變。
-海鵬影業",https://www.vscinemas.com.tw/vsweb/film/detail.aspx?id=7505,https://www.vscinemas.com.tw/vsweb/upload/film/film_20241008009.jpg,https://www.youtube.com/embed/xxHNGWn71Os?si
77,鬼們之蝴蝶大廈,"Them, Behind the Door",none,2024-11-01,錢人豪,尹馨、林采潔、馮淬帆、蔡振南、白潤音、曹佑寧,恐怖,時分,"陳薇（尹馨飾）帶著女兒（林采潔飾）為躲避家暴的丈夫住進有自殺勝地之稱的蝴蝶大廈後怪事頻傳。
管理員梁伯（馮淬帆飾）和頂樓的廟公山叔（蔡振南飾）不斷提醒她這一層樓不太乾淨，如果有能力還是盡快搬走，但是經濟拮据的她暫時只能棲身於此。
各種三教九流的鄰居、雜貨鋪有陰陽眼的自閉症男孩阿弟（白潤音飾），還有那間被再三交代禁止靠近的613號房，一切都令陳薇感到詭異莫名。
外表陽光的代班管理員小梁（曹佑寧飾）對獨立堅強的陳薇照顧有加，經常藉故上門幫忙維修家電，陳薇女兒看到他來也會難得露出微笑。
正值鬼門開時，蝴蝶大廈內意外頻傳，甚至發生許多靈異事件，但老住戶們似乎已經習以為常。
陳薇原本是想帶女兒逃離丈夫，不料卻將自己捲入更大危機之中...-海鵬影業",https://www.vscinemas.com.tw/vsweb/film/detail.aspx?id=7479,https://www.vscinemas.com.tw/vsweb/upload/film/film_20240918032.jpg,https://www.youtube.com/embed/MsLa2FEbaIg?si
78,超人：克里斯多夫李維傳奇故事,Super/Man: The Christopher Reeve Story,none,2024-11-01,伊恩邦霍特、彼得艾德蓋,克里斯多夫李維,紀錄片,時分,"克里斯多夫李維在1978年的【超人】中扮演克拉克肯特/超人一炮而紅，之後還主演了三部【超人】系列電影，卻在1995年的馬術比賽發生差點致命的事故，從此全身癱瘓，此後投入社會公益，於2004年過世，享年52歲。
這部紀錄片講述克里斯多夫李維在墜馬事故後面臨的掙扎和奮鬥。
-華納兄弟",https://www.vscinemas.com.tw/vsweb/film/detail.aspx?id=7478,https://www.vscinemas.com.tw/vsweb/upload/film/film_20241008012.jpg,https://www.youtube.com/embed/oVlLSvQAhek?si
79,魔法壞女巫,Wicked,none,2024-11-21,朱浩偉,辛西婭艾利沃、亞莉安娜、楊紫瓊、傑夫高布倫、喬納森貝利、伊森斯萊特、瑪麗莎博德 、楊伯文、布朗溫詹姆斯、基拉賽特爾、彼得汀克萊傑,愛情、奇幻/科幻、音樂/歌舞,時分,"每個人都值得展翅高飛這兩個年輕女孩是奇幻世界奧茲國希茲大學的同學，她們認識後就結為出人意表卻親密堅固的友情。
她們在遇見奧茲國大巫師之後，彼此之間的友情就變了樣，她們的人生也各自踏上不同的道路。
格琳達一心一意追求知名度的野心使她受到權力的誘惑，艾法芭則下定決心要忠於自我，並且對她身邊的其他人忠心不二。
她們在奧茲國的冒險旅程最終將決定她們的宿命，讓她們分別成為好女巫格琳達以及西方壞女巫。
-環球影片",https://www.vscinemas.com.tw/vsweb/film/detail.aspx?id=7298,https://www.vscinemas.com.tw/vsweb/upload/film/film_20240521030.jpg,https://www.youtube.com/embed/83K4drAPmfk
80,海洋奇緣2,Moana 2,none,2024-11-28,大衛·G·德瑞克,奧莉伊卡拉瓦爾侯、巨石強森,動畫、奇幻/科幻、冒險,時分,"故事線來到3年後...走吧～一起駛向一段全新航程，在莫娜、毛伊兩位主角之外，還會加入一群令人意外的全新船員。
在祖靈突如其來的呼喚之下，莫娜此番必須啟程航向大洋洲的彼端，一路深入危險未知的海域，好面對一場前所未見的新冒險。
-迪士尼動畫",https://www.vscinemas.com.tw/vsweb/film/detail.aspx?id=7315,https://www.vscinemas.com.tw/vsweb/upload/film/film_20240530001.jpg,https://www.youtube.com/embed/4rqVXBtmcck?si
81,獵人克萊文,Kraven the Hunter,none,2024-12-13,J.C. 錢德爾,亞倫泰勒強森、羅素克洛、亞莉安娜黛博塞,奇幻/科幻、冒險、動作,時分,"超限制級漫威英雄大開殺戒最強動保人士換人當？電影描述主角如何成為漫威宇宙最惡名昭彰的惡棍英雄，亞倫泰勒強森在這部限制級電影中，飾演蜘蛛人的經典世仇，獵人克萊文。
-索尼影業",https://www.vscinemas.com.tw/vsweb/film/detail.aspx?id=7178,https://www.vscinemas.com.tw/vsweb/upload/film/film_20240815003.jpg,https://www.youtube.com/embed/J_AZaVjyNms?si
82,獅子王：木法沙,Mufasa:The Lion King,none,2024-12-19,巴里杰金斯,艾倫皮爾、小凱文哈里遜、約翰卡尼、賽斯羅根、比利艾西納、唐納葛洛佛、麥茲米克森,動畫、冒險、劇情,時分,"故事開始由拉飛奇為辛巴與娜娜的小獅子女兒琪拉雅敘述榮耀國傳奇木法沙的故事，更由澎澎與丁滿在旁為故事加入幽默又搞笑的見解。
故事以回述方式呈現…木法沙曾是一個孤兒幼獅，徬徨漂泊異地，直到他遇見了溫暖的皇室繼承人塔卡，這場相遇開啟了一場不凡的旅程，一路上更碰到了一群看似格格不入的旅伴，友情卻將它們緊緊相連。
它們相互扶持抗致命的威脅，命運也考驗著他們的連結…-迪士尼影業",https://www.vscinemas.com.tw/vsweb/film/detail.aspx?id=7277,https://www.vscinemas.com.tw/vsweb/upload/film/film_20240502004.jpg,https://www.youtube.com/embed/35w3D9Fs8H0?si
